-- --------------------------------------------------------
-- Hôte :                        localhost
-- Version du serveur:           5.7.19 - MySQL Community Server (GPL)
-- SE du serveur:                Win64
-- HeidiSQL Version:             9.4.0.5125
-- --------------------------------------------------------

/*!40101 SET @OLD_CHARACTER_SET_CLIENT=@@CHARACTER_SET_CLIENT */;
/*!40101 SET NAMES utf8 */;
/*!50503 SET NAMES utf8mb4 */;
/*!40014 SET @OLD_FOREIGN_KEY_CHECKS=@@FOREIGN_KEY_CHECKS, FOREIGN_KEY_CHECKS=0 */;
/*!40101 SET @OLD_SQL_MODE=@@SQL_MODE, SQL_MODE='NO_AUTO_VALUE_ON_ZERO' */;


-- Export de la structure de la base pour commerceapi
CREATE DATABASE IF NOT EXISTS `commerceapi` /*!40100 DEFAULT CHARACTER SET latin1 */;
USE `commerceapi`;

-- Export de la structure de la table commerceapi. migrations
CREATE TABLE IF NOT EXISTS `migrations` (
  `id` int(10) unsigned NOT NULL AUTO_INCREMENT,
  `migration` varchar(255) COLLATE utf8mb4_unicode_ci NOT NULL,
  `batch` int(11) NOT NULL,
  PRIMARY KEY (`id`)
) ENGINE=InnoDB AUTO_INCREMENT=5 DEFAULT CHARSET=utf8mb4 COLLATE=utf8mb4_unicode_ci;

-- Export de données de la table commerceapi.migrations : ~4 rows (environ)
/*!40000 ALTER TABLE `migrations` DISABLE KEYS */;
INSERT INTO `migrations` (`id`, `migration`, `batch`) VALUES
	(1, '2014_10_12_000000_create_users_table', 1),
	(2, '2014_10_12_100000_create_password_resets_table', 1),
	(3, '2018_04_11_101657_create_products_table', 1),
	(4, '2018_04_11_101927_create_reviews_table', 2);
/*!40000 ALTER TABLE `migrations` ENABLE KEYS */;

-- Export de la structure de la table commerceapi. password_resets
CREATE TABLE IF NOT EXISTS `password_resets` (
  `email` varchar(255) COLLATE utf8mb4_unicode_ci NOT NULL,
  `token` varchar(255) COLLATE utf8mb4_unicode_ci NOT NULL,
  `created_at` timestamp NULL DEFAULT NULL,
  KEY `password_resets_email_index` (`email`)
) ENGINE=InnoDB DEFAULT CHARSET=utf8mb4 COLLATE=utf8mb4_unicode_ci;

-- Export de données de la table commerceapi.password_resets : ~0 rows (environ)
/*!40000 ALTER TABLE `password_resets` DISABLE KEYS */;
/*!40000 ALTER TABLE `password_resets` ENABLE KEYS */;

-- Export de la structure de la table commerceapi. products
CREATE TABLE IF NOT EXISTS `products` (
  `id` int(10) unsigned NOT NULL AUTO_INCREMENT,
  `name` varchar(255) COLLATE utf8mb4_unicode_ci NOT NULL,
  `detail` text COLLATE utf8mb4_unicode_ci NOT NULL,
  `price` int(11) NOT NULL,
  `stock` int(11) NOT NULL,
  `discount` int(11) NOT NULL,
  `created_at` timestamp NULL DEFAULT NULL,
  `updated_at` timestamp NULL DEFAULT NULL,
  PRIMARY KEY (`id`)
) ENGINE=InnoDB DEFAULT CHARSET=utf8mb4 COLLATE=utf8mb4_unicode_ci;

-- Export de données de la table commerceapi.products : ~100 rows (environ)
/*!40000 ALTER TABLE `products` DISABLE KEYS */;
INSERT INTO `products` (`id`, `name`, `detail`, `price`, `stock`, `discount`, `created_at`, `updated_at`) VALUES
	(1, 'ratione', 'Cupiditate harum rem et vitae animi et ipsam et. Est voluptas nam iure necessitatibus ut. Iusto vel culpa numquam deleniti.', 959, 9, 23, '2018-04-11 12:32:00', '2018-04-11 12:32:00'),
	(2, 'temporibus', 'Excepturi quos consectetur quisquam adipisci. Dicta odio eveniet rerum adipisci dicta ad. Non libero amet nihil animi qui inventore.', 482, 5, 24, '2018-04-11 12:32:00', '2018-04-11 12:32:00'),
	(3, 'velit', 'Voluptatem a nulla qui a reiciendis id. Et consequatur id beatae qui numquam aut quo. Velit suscipit reiciendis eos ipsum optio. Nobis voluptatem molestiae qui sit. Est omnis aspernatur sit rerum odio commodi aut consequatur.', 548, 7, 8, '2018-04-11 12:32:00', '2018-04-11 12:32:00'),
	(4, 'et', 'Cum inventore et veritatis porro pariatur. Corporis at dolorem mollitia in magnam. Illum odio provident officiis nulla tenetur cumque.', 649, 8, 16, '2018-04-11 12:32:00', '2018-04-11 12:32:00'),
	(5, 'vero', 'Quis ut nostrum animi dolorem dolorem iste. Ut dicta et rerum vel laudantium velit sapiente. Laborum quod consequuntur rerum dolor.', 643, 5, 24, '2018-04-11 12:32:00', '2018-04-11 12:32:00'),
	(6, 'quis', 'Aut sint est voluptatem. Cupiditate ad est repudiandae repellat explicabo alias aperiam. Consequatur perferendis et ut molestiae et quis.', 105, 7, 20, '2018-04-11 12:32:00', '2018-04-11 12:32:00'),
	(7, 'laboriosam', 'Culpa non molestias consequatur dolores et. Autem laudantium in laboriosam velit necessitatibus tempore.', 786, 2, 29, '2018-04-11 12:32:00', '2018-04-11 12:32:00'),
	(8, 'quasi', 'Autem deleniti sint aut quia tempore. Sint dolore tenetur laudantium aperiam aliquam. Natus possimus illum voluptatem molestiae nam consequatur. Occaecati minima eius laudantium tempora vero ut non tempora.', 544, 7, 11, '2018-04-11 12:32:00', '2018-04-11 12:32:00'),
	(9, 'eligendi', 'Qui rerum aut eum est placeat. Voluptatem voluptas corporis sit minima alias. Commodi voluptas alias quam nihil at deserunt et.', 775, 5, 10, '2018-04-11 12:32:00', '2018-04-11 12:32:00'),
	(10, 'corporis', 'Quaerat consectetur voluptatem non illo quia itaque voluptas et. Iste quis neque mollitia. Dignissimos aliquam quis est et omnis ipsam asperiores iure. Illum pariatur qui et inventore eveniet in. Nesciunt sint ut quam molestias et sit optio.', 116, 8, 24, '2018-04-11 12:32:01', '2018-04-11 12:32:01'),
	(11, 'maxime', 'Et aliquam earum ea excepturi dolore inventore harum ratione. Reprehenderit voluptas ab dicta quos ut. Placeat excepturi enim perspiciatis beatae dolorem natus officiis.', 705, 0, 13, '2018-04-11 12:32:01', '2018-04-11 12:32:01'),
	(12, 'occaecati', 'Sequi dolor accusamus sit consectetur corrupti aut molestias. Nulla ad quod facilis cum. Dolorem ut explicabo velit a. Minus velit consequatur quia.', 491, 7, 3, '2018-04-11 12:32:01', '2018-04-11 12:32:01'),
	(13, 'repellat', 'Exercitationem amet ut illum dolorum distinctio libero minus. Veniam illo vel aspernatur pariatur vel quasi. Voluptas facilis aut ipsam exercitationem nostrum illo placeat. Iure quaerat ullam rerum iste id sint.', 446, 8, 26, '2018-04-11 12:32:01', '2018-04-11 12:32:01'),
	(14, 'consequatur', 'In saepe aperiam omnis fuga soluta est rerum. Reiciendis veritatis voluptas asperiores quasi adipisci. Commodi aperiam esse laboriosam laboriosam. Tempora omnis explicabo est nisi cupiditate. Adipisci soluta aspernatur animi aliquid cumque.', 638, 6, 9, '2018-04-11 12:32:01', '2018-04-11 12:32:01'),
	(15, 'autem', 'Laboriosam delectus quo repudiandae ut eum. Aut provident sit recusandae voluptatum quas corporis consequatur. Ullam et et sit nostrum ut nam. Voluptas excepturi delectus soluta eum quas aut.', 965, 2, 20, '2018-04-11 12:32:01', '2018-04-11 12:32:01'),
	(16, 'aut', 'Et et est nulla. Esse rerum reiciendis ut voluptates nobis. Aut quos odit est quae. A illum aut non.', 290, 9, 12, '2018-04-11 12:32:01', '2018-04-11 12:32:01'),
	(17, 'id', 'Ipsam perspiciatis et quis hic est. Voluptas reprehenderit quas repellendus dolorem dolorum laboriosam earum. Magnam occaecati est officia maiores.', 950, 7, 28, '2018-04-11 12:32:01', '2018-04-11 12:32:01'),
	(18, 'officiis', 'Numquam iste vitae iusto eos deleniti ut non incidunt. Culpa minima mollitia consectetur. Placeat commodi rem quam.', 772, 3, 11, '2018-04-11 12:32:01', '2018-04-11 12:32:01'),
	(19, 'provident', 'Tempora quia itaque necessitatibus modi. Ad ratione qui at vitae reiciendis tempore et. Et beatae officiis rem soluta perspiciatis doloremque aspernatur.', 115, 7, 28, '2018-04-11 12:32:01', '2018-04-11 12:32:01'),
	(20, 'quam', 'Et magnam facilis et. Odio deleniti vitae praesentium unde iure. Ratione et consequatur debitis eveniet id. Voluptatum voluptas fuga eum.', 332, 5, 2, '2018-04-11 12:32:01', '2018-04-11 12:32:01'),
	(21, 'qui', 'Minus possimus delectus non non dolor libero aut vitae. Voluptatem qui sed quia quaerat. Error deleniti non explicabo molestias quia vero. Voluptatem at sed qui aut dolorum.', 573, 0, 12, '2018-04-11 12:32:01', '2018-04-11 12:32:01'),
	(22, 'culpa', 'Quia quis assumenda dolor molestiae. Fugit voluptatem illum dolores iste sunt itaque. Officia a repudiandae sint.', 816, 2, 29, '2018-04-11 12:32:01', '2018-04-11 12:32:01'),
	(23, 'eum', 'Ipsam et veniam praesentium ad ea non aspernatur. Animi ipsum ipsa quis dolorem aut assumenda rerum. A hic omnis possimus consectetur nulla et magni.', 380, 4, 14, '2018-04-11 12:32:01', '2018-04-11 12:32:01'),
	(24, 'eos', 'Saepe necessitatibus repudiandae aliquid necessitatibus. Totam rerum ea repellendus. Voluptatem ab aut voluptatibus. Et praesentium placeat voluptas quae molestias. Libero dolorum suscipit soluta beatae explicabo nesciunt.', 350, 9, 17, '2018-04-11 12:32:01', '2018-04-11 12:32:01'),
	(25, 'qui', 'Facere pariatur modi sit aut. Et provident rerum necessitatibus aut. Rerum dolor sunt alias aspernatur cupiditate. Ut eum eum officia ea temporibus consequatur iusto. Corporis vel sit aut.', 112, 6, 4, '2018-04-11 12:32:01', '2018-04-11 12:32:01'),
	(26, 'in', 'Aperiam laboriosam quos omnis molestiae omnis alias saepe. Quasi eius rerum facere dolor quisquam rerum. Amet pariatur illum harum dicta sit qui magni.', 636, 8, 23, '2018-04-11 12:32:01', '2018-04-11 12:32:01'),
	(27, 'qui', 'Quae nihil corporis neque consequuntur veritatis nihil est dicta. Sit blanditiis sed enim eos sint necessitatibus voluptatem. Aliquam magni quis aut voluptatum harum quidem vel.', 177, 4, 6, '2018-04-11 12:32:01', '2018-04-11 12:32:01'),
	(28, 'sit', 'Sint provident dignissimos modi saepe ut a blanditiis. Nesciunt enim inventore sint aperiam. Accusantium natus nihil nihil cum assumenda et id. Sunt quo aliquid ullam quis sit cupiditate ut earum. Id eveniet sint praesentium dignissimos in fuga.', 985, 2, 2, '2018-04-11 12:32:01', '2018-04-11 12:32:01'),
	(29, 'et', 'Provident unde animi in magni. Ut totam dolores voluptate doloremque blanditiis quidem nihil quae.', 262, 0, 17, '2018-04-11 12:32:01', '2018-04-11 12:32:01'),
	(30, 'sit', 'Sed quasi sed quisquam voluptatem quaerat ex omnis ut. Illum odio consequuntur necessitatibus dignissimos aut ea. Quaerat voluptas autem nulla quasi unde. Eligendi culpa maiores nulla quis qui occaecati.', 227, 1, 6, '2018-04-11 12:32:01', '2018-04-11 12:32:01'),
	(31, 'aliquam', 'In quis illo ipsam error. Dolores aspernatur eaque nostrum incidunt quo dignissimos assumenda. Amet aut laudantium voluptas nam ad blanditiis incidunt. Voluptas ut fugit quos iusto quia voluptatem deleniti. Tempora fugiat sapiente facilis nostrum at vero.', 429, 4, 24, '2018-04-11 12:32:01', '2018-04-11 12:32:01'),
	(32, 'facilis', 'Dicta quia rem commodi iusto suscipit sunt. Corrupti recusandae maxime quasi voluptatem impedit ut doloribus. Alias necessitatibus laboriosam consequatur non dolor quis tenetur cupiditate. Libero quibusdam aspernatur eos.', 471, 4, 19, '2018-04-11 12:32:01', '2018-04-11 12:32:01'),
	(33, 'molestiae', 'Numquam doloremque neque consectetur aut aperiam velit. Pariatur quibusdam dolorum aut sed cum. Deleniti sint consequatur dolores.', 725, 7, 11, '2018-04-11 12:32:01', '2018-04-11 12:32:01'),
	(34, 'tenetur', 'Placeat autem vel dignissimos doloribus in. Est soluta voluptas molestiae qui fugiat. Rerum accusamus autem nesciunt.', 949, 9, 12, '2018-04-11 12:32:01', '2018-04-11 12:32:01'),
	(35, 'expedita', 'A aut ad non ipsum placeat aut. Numquam maiores et mollitia maxime. Vitae est sit voluptatibus molestiae enim sed tenetur. Odit vero molestias culpa ratione nostrum atque corporis.', 801, 2, 17, '2018-04-11 12:32:01', '2018-04-11 12:32:01'),
	(36, 'qui', 'Est libero fuga consectetur. Voluptas iusto non officiis magnam architecto consequatur distinctio. Sunt eligendi laborum dolor et sit excepturi. Qui eligendi aut aut et non voluptatem.', 496, 4, 19, '2018-04-11 12:32:01', '2018-04-11 12:32:01'),
	(37, 'necessitatibus', 'Maxime et veritatis pariatur culpa. Autem totam distinctio et minus sapiente ducimus nam. Incidunt quis modi harum quo soluta voluptatem voluptatem.', 812, 6, 18, '2018-04-11 12:32:01', '2018-04-11 12:32:01'),
	(38, 'ullam', 'Vel dignissimos ut et harum omnis. Id qui magni ut officia repellendus. Debitis explicabo praesentium ab iste.', 587, 0, 19, '2018-04-11 12:32:01', '2018-04-11 12:32:01'),
	(39, 'est', 'Iusto tempore ut ducimus non fuga. Repellat sit officiis quod est est beatae dolor. Repellendus corrupti vitae quia voluptatem ex. Autem distinctio ratione dolorem officia quae accusantium sit. Rerum dignissimos corporis dolor consequuntur.', 470, 3, 2, '2018-04-11 12:32:01', '2018-04-11 12:32:01'),
	(40, 'est', 'Animi delectus ipsa vero esse. Fugiat ut quasi recusandae id praesentium tempora autem.', 201, 7, 15, '2018-04-11 12:32:01', '2018-04-11 12:32:01'),
	(41, 'nobis', 'A nihil optio reprehenderit mollitia. Quidem illum quis assumenda repellat non voluptate officiis qui. Tempora animi consectetur facere. Omnis quis aperiam maxime. Neque ut incidunt et veniam.', 444, 7, 6, '2018-04-11 12:32:01', '2018-04-11 12:32:01'),
	(42, 'eveniet', 'Iusto adipisci id aut vel consequatur. Ad voluptatem aliquam labore excepturi rem odit nam magni. Sint ut adipisci voluptatem eius quas id dolores.', 385, 4, 12, '2018-04-11 12:32:01', '2018-04-11 12:32:01'),
	(43, 'aut', 'Laborum qui quia voluptas deleniti. Eum quasi labore omnis. Voluptatibus accusamus modi molestias vel iure.', 192, 7, 10, '2018-04-11 12:32:01', '2018-04-11 12:32:01'),
	(44, 'aspernatur', 'Et odio quidem dignissimos tempora quo qui. Ut voluptatem delectus eveniet rem quas. Culpa sint omnis voluptatem molestiae vel quam. Aspernatur error suscipit unde consectetur asperiores.', 692, 0, 13, '2018-04-11 12:32:01', '2018-04-11 12:32:01'),
	(45, 'enim', 'Ipsa modi nesciunt illum. Modi id eligendi inventore magnam reiciendis quos aut. Laudantium et in nihil consequatur.', 245, 6, 3, '2018-04-11 12:32:01', '2018-04-11 12:32:01'),
	(46, 'ut', 'A incidunt ducimus consequuntur laborum nemo voluptatem quas. Voluptatem possimus corporis ipsa quisquam. Aliquam et qui delectus ipsam ad alias vel numquam. Quibusdam quia laboriosam rerum iure et vitae.', 994, 3, 5, '2018-04-11 12:32:02', '2018-04-11 12:32:02'),
	(47, 'quam', 'Placeat possimus et facere asperiores aut enim vero. Rem et laborum quia corporis quas est. Sapiente incidunt omnis nulla non.', 351, 4, 29, '2018-04-11 12:32:02', '2018-04-11 12:32:02'),
	(48, 'et', 'Qui tempore sed consequatur officia. Eos repellat quia ut a soluta nobis incidunt. Eum ut iste vero. Eos at omnis maiores consequatur hic vitae animi facere. Minima numquam et suscipit adipisci id.', 409, 7, 27, '2018-04-11 12:32:02', '2018-04-11 12:32:02'),
	(49, 'vel', 'Unde voluptas corporis enim rerum atque et est. Iusto molestias sed et optio. Fuga a dolorum iusto veniam similique. Neque deleniti corporis iusto at.', 816, 3, 12, '2018-04-11 12:32:02', '2018-04-11 12:32:02'),
	(50, 'praesentium', 'Eligendi rerum iusto quae ab perferendis nemo. Et voluptas accusamus cumque minus animi et non. Placeat et libero eum et aut voluptas. Sed a est voluptatem mollitia non omnis.', 971, 0, 15, '2018-04-11 12:32:02', '2018-04-11 12:32:02'),
	(51, 'enim', 'Est consequatur impedit accusantium incidunt rem neque quis. Odit sit placeat enim nobis reprehenderit. Et itaque earum possimus sequi nam illo laboriosam aut. Alias mollitia veniam fugit repellendus.', 587, 3, 19, '2018-04-11 12:32:16', '2018-04-11 12:32:16'),
	(52, 'iusto', 'Autem totam qui nostrum provident qui distinctio vitae magnam. Velit ratione vel voluptatem ut similique aperiam.', 937, 1, 20, '2018-04-11 12:32:16', '2018-04-11 12:32:16'),
	(53, 'sequi', 'Natus dolore ut et rerum. Ut harum excepturi eos doloremque. Qui unde praesentium provident. Et officia quibusdam soluta quasi vel.', 238, 7, 23, '2018-04-11 12:32:16', '2018-04-11 12:32:16'),
	(54, 'adipisci', 'Aut cum explicabo sed. Amet perferendis totam ut rerum porro. Non id aliquam totam est nam. Aspernatur eum in quod. Qui provident et nam.', 628, 9, 23, '2018-04-11 12:32:16', '2018-04-11 12:32:16'),
	(55, 'iure', 'Suscipit fuga dicta adipisci id. Ipsam rerum et quis dolores. Hic libero harum qui sit aperiam.', 117, 4, 20, '2018-04-11 12:32:16', '2018-04-11 12:32:16'),
	(56, 'rerum', 'Quo inventore reiciendis dolore dolores. Dolores et inventore voluptatem qui saepe cupiditate. Recusandae doloremque et dolore aspernatur et. Quia placeat expedita sint quia voluptas dignissimos ipsum.', 977, 7, 17, '2018-04-11 12:32:16', '2018-04-11 12:32:16'),
	(57, 'tempora', 'Ullam blanditiis quae perspiciatis quae ipsum quia. Hic sequi repellendus dolorem eos. Autem et debitis tenetur. Officia cum fuga et doloremque amet.', 791, 8, 10, '2018-04-11 12:32:16', '2018-04-11 12:32:16'),
	(58, 'reiciendis', 'Et molestiae in nobis ad et. Sed et mollitia assumenda excepturi molestiae et. Nam amet et et corrupti et nisi non. Itaque illo itaque non eos.', 380, 4, 12, '2018-04-11 12:32:16', '2018-04-11 12:32:16'),
	(59, 'maxime', 'Velit dolores eos est sequi dicta pariatur voluptas. Doloribus error deserunt tempore laboriosam non quaerat. Cumque iure ipsam nulla aut est quia reprehenderit.', 873, 6, 12, '2018-04-11 12:32:16', '2018-04-11 12:32:16'),
	(60, 'suscipit', 'Et quidem quia minima architecto. Perspiciatis excepturi quos soluta ab et aut minima. Ex consequuntur sit reiciendis perspiciatis.', 246, 3, 7, '2018-04-11 12:32:16', '2018-04-11 12:32:16'),
	(61, 'voluptas', 'Aut esse nostrum vitae provident ipsam rerum nam. Et dolorum aperiam vitae sint. Voluptates eveniet voluptatem quas debitis quis.', 143, 9, 27, '2018-04-11 12:32:16', '2018-04-11 12:32:16'),
	(62, 'explicabo', 'Iste nihil dolorum totam quod aut. Reprehenderit est voluptate odio odio est in qui. Quasi laudantium quia voluptatem et quidem esse sit. Animi asperiores possimus vitae suscipit doloribus sed neque rem.', 861, 7, 2, '2018-04-11 12:32:16', '2018-04-11 12:32:16'),
	(63, 'odit', 'Non voluptatem consectetur recusandae exercitationem pariatur. Perspiciatis eum molestiae qui temporibus exercitationem modi. Sed quam quisquam et ducimus et. Culpa ut impedit sit ipsam dicta maiores ullam. Tempora nostrum fuga aperiam iusto aut.', 169, 5, 8, '2018-04-11 12:32:16', '2018-04-11 12:32:16'),
	(64, 'minima', 'Fugiat quaerat ut nihil. Ut enim nihil dolor quo omnis eos voluptatum perferendis. Sit est laboriosam quam quidem eveniet numquam totam. Inventore perferendis corrupti est provident quasi molestias.', 143, 6, 8, '2018-04-11 12:32:16', '2018-04-11 12:32:16'),
	(65, 'aut', 'Enim soluta a possimus. Repudiandae nobis labore delectus aut voluptates. Deserunt voluptas nisi voluptate odit enim. Debitis quia esse tempora.', 364, 4, 27, '2018-04-11 12:32:16', '2018-04-11 12:32:16'),
	(66, 'illum', 'Voluptatem asperiores consectetur illo deleniti ut. Vel nam architecto incidunt qui deleniti. Mollitia qui aut quo perspiciatis.', 192, 2, 14, '2018-04-11 12:32:16', '2018-04-11 12:32:16'),
	(67, 'quam', 'Assumenda odit veniam laboriosam consequatur in reprehenderit cumque placeat. Quia illo sapiente nihil sint. Sed rerum numquam nemo dolorem reiciendis rerum minima totam. Nam dolore modi perferendis id placeat.', 442, 4, 21, '2018-04-11 12:32:16', '2018-04-11 12:32:16'),
	(68, 'velit', 'Aspernatur pariatur quo quas qui. Autem voluptatem hic aut. Laudantium veritatis quam maiores placeat sequi ut eos. Harum velit necessitatibus voluptatem doloribus nisi suscipit.', 345, 4, 25, '2018-04-11 12:32:16', '2018-04-11 12:32:16'),
	(69, 'est', 'Esse voluptatem facilis est esse temporibus occaecati cupiditate magni. Quasi quas omnis earum dicta a. Qui fugit quo aut officia excepturi ea. Nesciunt blanditiis debitis mollitia expedita.', 663, 0, 18, '2018-04-11 12:32:16', '2018-04-11 12:32:16'),
	(70, 'at', 'Aut ea adipisci molestiae accusamus temporibus. Voluptatum itaque necessitatibus consequatur explicabo. Ad labore consequatur numquam fuga non magni.', 609, 4, 6, '2018-04-11 12:32:16', '2018-04-11 12:32:16'),
	(71, 'molestiae', 'Aut facere rem ducimus nam. Est earum et nihil ullam atque voluptatem. Dolorem accusamus ut praesentium quis quia.', 286, 7, 11, '2018-04-11 12:32:16', '2018-04-11 12:32:16'),
	(72, 'assumenda', 'Voluptatem reiciendis voluptas et. Quod iusto nihil enim tempora libero. Recusandae maiores omnis cupiditate voluptatem. In voluptas eos reiciendis vitae esse. Quasi non numquam ut eveniet eos ut ratione.', 608, 9, 2, '2018-04-11 12:32:16', '2018-04-11 12:32:16'),
	(73, 'vel', 'Sapiente alias sed aut commodi adipisci. Repudiandae consequatur aliquid qui sunt officiis enim ipsa. Id unde illum deleniti dolor rerum consectetur aspernatur. Velit dolorem quia ab esse voluptas vel et. Voluptatem quam qui pariatur exercitationem quia voluptates qui.', 953, 7, 10, '2018-04-11 12:32:16', '2018-04-11 12:32:16'),
	(74, 'inventore', 'Numquam et saepe totam beatae alias. Commodi et aliquid alias enim minima. Earum in iusto et distinctio est non. Atque et quia harum in.', 910, 7, 8, '2018-04-11 12:32:16', '2018-04-11 12:32:16'),
	(75, 'consectetur', 'Illo eum placeat dolore assumenda est. Molestiae voluptatem iure provident molestiae commodi. Quo debitis sed et porro saepe.', 691, 2, 11, '2018-04-11 12:32:16', '2018-04-11 12:32:16'),
	(76, 'ut', 'Recusandae quis corporis mollitia omnis vero nesciunt iusto. Eligendi et debitis in eveniet et laborum quia ad. Non cupiditate ea dolore accusantium.', 415, 3, 13, '2018-04-11 12:32:16', '2018-04-11 12:32:16'),
	(77, 'provident', 'Enim quas perferendis blanditiis minus ut accusantium autem. Dolores praesentium et dignissimos ut. Sequi molestiae rerum possimus quia et.', 546, 7, 24, '2018-04-11 12:32:16', '2018-04-11 12:32:16'),
	(78, 'ipsam', 'Perferendis non voluptas ut repellat laudantium qui. Similique aut est aut neque eos ipsum ad. Excepturi iure aut architecto exercitationem reprehenderit consequatur inventore. Reiciendis minus velit veniam.', 362, 6, 15, '2018-04-11 12:32:16', '2018-04-11 12:32:16'),
	(79, 'expedita', 'Nam omnis commodi aut quidem illo omnis. Qui quo placeat est in tempora. Voluptatem voluptates dolorem illum consequatur voluptas et vitae. Porro consectetur voluptatem ipsa quo. Praesentium quo dignissimos iure aliquid voluptates.', 772, 4, 25, '2018-04-11 12:32:16', '2018-04-11 12:32:16'),
	(80, 'facere', 'Ut doloribus enim nostrum consectetur. Doloremque delectus ipsum dolor dolor nesciunt voluptatibus. Modi aliquam in harum officiis. Et commodi facere dolores alias magnam.', 513, 1, 22, '2018-04-11 12:32:16', '2018-04-11 12:32:16'),
	(81, 'magnam', 'Doloremque sint molestiae impedit aliquid id maxime minima. Perspiciatis amet dolor sed maiores. Eos optio qui minima aut est. Voluptates officia voluptatem illum eum unde.', 834, 4, 13, '2018-04-11 12:32:16', '2018-04-11 12:32:16'),
	(82, 'eos', 'Est qui rem sed. Porro vel nobis ut voluptatum sit. Ut sint harum ea vel maiores. Repudiandae reprehenderit enim minus. Sit nobis possimus dolorem debitis rerum molestiae.', 315, 2, 25, '2018-04-11 12:32:16', '2018-04-11 12:32:16'),
	(83, 'quod', 'Repellendus qui tempora molestias repellendus voluptatum voluptate est est. Et incidunt odio dolorem dolorem laboriosam. Qui commodi omnis odio voluptatibus nam aut. At recusandae voluptate voluptate ipsam dolorem velit.', 451, 9, 12, '2018-04-11 12:32:16', '2018-04-11 12:32:16'),
	(84, 'consequatur', 'Aliquid aut sit voluptates cumque sint quos rem. Modi eaque quo esse magnam omnis voluptates enim. Non dolorem atque dolores. Et et voluptas vel dicta.', 888, 1, 12, '2018-04-11 12:32:16', '2018-04-11 12:32:16'),
	(85, 'delectus', 'Quos expedita laboriosam pariatur amet. Harum est reprehenderit et ut nostrum officia. Quod quibusdam quae in error et ipsum.', 897, 6, 8, '2018-04-11 12:32:17', '2018-04-11 12:32:17'),
	(86, 'perferendis', 'At dolores quis accusamus. Omnis amet nulla vero molestiae. Aliquid et cum eius facilis autem ab voluptates. Ratione officia dolorum consectetur error optio rerum culpa.', 696, 5, 21, '2018-04-11 12:32:17', '2018-04-11 12:32:17'),
	(87, 'ut', 'Est iure et facilis. Rerum ad rerum sapiente sit placeat incidunt quisquam. Placeat aliquid nemo dolor molestias doloribus.', 279, 9, 2, '2018-04-11 12:32:17', '2018-04-11 12:32:17'),
	(88, 'vel', 'Hic voluptas veritatis veniam. Modi eum eum aut temporibus laborum. Et velit molestiae sint.', 819, 2, 30, '2018-04-11 12:32:17', '2018-04-11 12:32:17'),
	(89, 'autem', 'Sunt repellat tempora vel et quia voluptatem doloremque. Velit suscipit sequi qui. Neque et autem quia nihil accusantium perspiciatis. Sunt enim beatae quisquam aut.', 618, 9, 14, '2018-04-11 12:32:17', '2018-04-11 12:32:17'),
	(90, 'et', 'Facere tenetur quis esse consequatur hic blanditiis odio. Esse rerum voluptatem ex ex. Voluptatibus dolores nobis harum. Dolor eos numquam sequi dignissimos amet adipisci ea laboriosam.', 963, 9, 5, '2018-04-11 12:32:17', '2018-04-11 12:32:17'),
	(91, 'quisquam', 'Ipsam blanditiis eos maxime et voluptatem cupiditate. Sed fugit explicabo architecto. Illum quod aut ad cumque eos.', 270, 3, 2, '2018-04-11 12:32:17', '2018-04-11 12:32:17'),
	(92, 'est', 'Iure quam qui totam commodi harum sequi. Et in doloribus adipisci repellat cumque. Qui quidem ipsam corporis ut excepturi dolor qui.', 798, 6, 23, '2018-04-11 12:32:17', '2018-04-11 12:32:17'),
	(93, 'aut', 'Dolorem consectetur explicabo dolor quo animi consequatur. Ratione magni dicta iste harum quas. Veniam fugit quis esse saepe non sequi.', 191, 4, 28, '2018-04-11 12:32:17', '2018-04-11 12:32:17'),
	(94, 'nihil', 'Sit voluptas vero qui et ut. Velit doloremque ut error ea ducimus qui cupiditate dolor. Quis consequatur maxime provident praesentium.', 123, 8, 5, '2018-04-11 12:32:17', '2018-04-11 12:32:17'),
	(95, 'qui', 'Qui sunt earum et nihil. Quia temporibus quo cum iusto. Est sequi dolor eligendi natus. Doloribus natus ut sit tenetur.', 247, 8, 29, '2018-04-11 12:32:17', '2018-04-11 12:32:17'),
	(96, 'quae', 'Exercitationem eum rerum adipisci dolores. Est at voluptas est qui. Occaecati ut dicta nostrum quia ea amet. Et ab doloremque aut et. Quia quis qui modi sit tempore.', 810, 1, 5, '2018-04-11 12:32:17', '2018-04-11 12:32:17'),
	(97, 'placeat', 'Soluta mollitia ducimus numquam deserunt. Dolorem ut molestiae vel aut eum odio neque. Facere sapiente et consequatur nemo accusantium quibusdam ea eos. Provident mollitia nobis unde sequi.', 560, 1, 10, '2018-04-11 12:32:17', '2018-04-11 12:32:17'),
	(98, 'consequatur', 'Cum est facilis esse ratione sed id. Totam sed quidem veritatis quos consectetur. Distinctio repellendus maxime adipisci maiores accusamus est sunt.', 168, 1, 27, '2018-04-11 12:32:17', '2018-04-11 12:32:17'),
	(99, 'quam', 'In esse velit aspernatur doloremque mollitia rerum. Soluta odit corporis exercitationem voluptatem excepturi enim magni. Magni placeat unde id dolorum nihil quod. Veniam repellat nostrum hic excepturi.', 453, 5, 8, '2018-04-11 12:32:17', '2018-04-11 12:32:17'),
	(100, 'eveniet', 'Beatae quis in repudiandae maxime voluptate ut ut. Similique totam iste minima suscipit aspernatur quo illum aut. Reiciendis cumque recusandae voluptate modi. Quo ut quia sint explicabo et.', 532, 3, 7, '2018-04-11 12:32:17', '2018-04-11 12:32:17');
/*!40000 ALTER TABLE `products` ENABLE KEYS */;

-- Export de la structure de la table commerceapi. reviews
CREATE TABLE IF NOT EXISTS `reviews` (
  `id` int(10) unsigned NOT NULL AUTO_INCREMENT,
  `product_id` int(10) unsigned NOT NULL,
  `customer` varchar(255) COLLATE utf8mb4_unicode_ci NOT NULL,
  `review` text COLLATE utf8mb4_unicode_ci NOT NULL,
  `star` int(11) NOT NULL,
  `created_at` timestamp NULL DEFAULT NULL,
  `updated_at` timestamp NULL DEFAULT NULL,
  PRIMARY KEY (`id`),
  KEY `reviews_product_id_index` (`product_id`),
  CONSTRAINT `reviews_product_id_foreign` FOREIGN KEY (`product_id`) REFERENCES `products` (`id`) ON DELETE CASCADE
) ENGINE=InnoDB DEFAULT CHARSET=utf8mb4 COLLATE=utf8mb4_unicode_ci;

-- Export de données de la table commerceapi.reviews : ~300 rows (environ)
/*!40000 ALTER TABLE `reviews` DISABLE KEYS */;
INSERT INTO `reviews` (`id`, `product_id`, `customer`, `review`, `star`, `created_at`, `updated_at`) VALUES
	(1, 1, 'Mrs. Tanya Murray', 'Sapiente explicabo dignissimos fugiat quo. Eos consectetur placeat aliquam et aspernatur reprehenderit doloremque. Veniam tempora labore dolorem et similique est.', 0, '2018-04-11 12:32:18', '2018-04-11 12:32:18'),
	(2, 77, 'Mr. Jayce D\'Amore', 'Repudiandae aut rem unde tenetur atque consectetur totam. Alias facere aut nihil ipsam.', 0, '2018-04-11 12:32:18', '2018-04-11 12:32:18'),
	(3, 35, 'Katelyn Zemlak', 'Eos culpa eum rerum qui omnis sit qui. Pariatur veritatis dicta et labore et quia consequatur. Odit facilis molestiae ut doloribus. Consequatur debitis repudiandae et nulla sit voluptatibus et et.', 3, '2018-04-11 12:32:18', '2018-04-11 12:32:18'),
	(4, 71, 'Mr. Kristofer Stamm', 'Quis omnis quod tempora qui omnis aut fugit. Reprehenderit a fuga blanditiis delectus commodi. Sunt saepe nemo hic debitis labore.', 1, '2018-04-11 12:32:18', '2018-04-11 12:32:18'),
	(5, 29, 'Prof. Sam Hickle', 'Tempora debitis ratione voluptatem optio quam autem. Id excepturi vel quia optio.', 3, '2018-04-11 12:32:18', '2018-04-11 12:32:18'),
	(6, 37, 'Romaine Morissette', 'Officia aut architecto accusamus eveniet. Nihil rerum veritatis libero error corporis ut. Ut sint hic aliquid sunt. Amet nemo quia at provident libero.', 4, '2018-04-11 12:32:18', '2018-04-11 12:32:18'),
	(7, 93, 'Justen Price', 'Impedit neque natus esse quod quo ratione. Quam error est modi consectetur similique aspernatur. Doloribus et magni ad est eaque impedit nulla.', 3, '2018-04-11 12:32:18', '2018-04-11 12:32:18'),
	(8, 12, 'Brianne Bernhard', 'Beatae qui aut placeat consequatur inventore saepe molestias. Sunt atque cumque rerum id quas. Qui magnam ut repellat quisquam quo libero reprehenderit. Blanditiis in laudantium quo sit.', 1, '2018-04-11 12:32:19', '2018-04-11 12:32:19'),
	(9, 27, 'Lou Hansen', 'Natus nemo quidem nisi eveniet. Sit quia enim et omnis suscipit natus nihil. Beatae aut esse aut ut distinctio dolores numquam. Architecto qui et voluptatem accusamus.', 0, '2018-04-11 12:32:19', '2018-04-11 12:32:19'),
	(10, 16, 'Dimitri Cassin', 'Et quo magnam aspernatur sequi quasi perferendis. Velit sunt aut ut ea molestiae aspernatur excepturi. Consequuntur modi perspiciatis labore incidunt.', 2, '2018-04-11 12:32:19', '2018-04-11 12:32:19'),
	(11, 71, 'Earnestine Denesik II', 'Dolor suscipit rerum sint dignissimos quo optio repellat quis. Asperiores accusamus eius omnis est aspernatur. Nobis illum earum totam excepturi sit aliquam et.', 0, '2018-04-11 12:32:19', '2018-04-11 12:32:19'),
	(12, 68, 'Carolyne Bashirian DVM', 'Animi dolores eligendi repudiandae minus reprehenderit aliquid ullam. Dolore exercitationem dolorum qui et. Alias sed rem optio qui.', 4, '2018-04-11 12:32:19', '2018-04-11 12:32:19'),
	(13, 32, 'Buck Bruen', 'Expedita alias distinctio repudiandae sit corporis. Sunt praesentium sint cupiditate numquam.', 3, '2018-04-11 12:32:19', '2018-04-11 12:32:19'),
	(14, 61, 'Prof. Elbert Kreiger', 'Exercitationem in nam qui eos voluptatem. Omnis eos non aliquid id est. Pariatur repudiandae earum voluptatem sit magnam aperiam. Ullam tempore porro deserunt nobis consequatur.', 0, '2018-04-11 12:32:19', '2018-04-11 12:32:19'),
	(15, 26, 'Prof. Stanford Abshire', 'Ex deleniti laborum et placeat velit et quasi. Totam veritatis nostrum magnam fugit adipisci. Voluptatibus doloribus dolores autem.', 0, '2018-04-11 12:32:19', '2018-04-11 12:32:19'),
	(16, 21, 'Ms. Vergie Lynch', 'Nesciunt sed aut maxime hic. At delectus dolore velit autem. Corrupti aut nihil dolor distinctio quas. Maiores culpa nesciunt sit ut assumenda.', 5, '2018-04-11 12:32:19', '2018-04-11 12:32:19'),
	(17, 55, 'Dr. Abdullah Bode', 'Necessitatibus aut sed corporis provident pariatur sed sint. Qui ex vero ipsam numquam aut veniam quia. Sint voluptatem voluptas iste.', 5, '2018-04-11 12:32:19', '2018-04-11 12:32:19'),
	(18, 3, 'Maxwell DuBuque', 'Sit et voluptatem quo sint. Consequatur ad sint ut neque fugiat vel velit. Officia qui perferendis blanditiis nihil.', 5, '2018-04-11 12:32:19', '2018-04-11 12:32:19'),
	(19, 56, 'Mr. Warren Stark', 'Voluptatibus provident officiis qui quod. Facere est ex ad. Cum quo perferendis in et. Quidem accusantium porro dolorum harum qui et aperiam.', 3, '2018-04-11 12:32:19', '2018-04-11 12:32:19'),
	(20, 8, 'Miss Glenna Kuhn PhD', 'Fuga sed qui vel necessitatibus placeat. Quaerat quam soluta omnis enim id sapiente qui. Sunt reiciendis quibusdam sit placeat.', 3, '2018-04-11 12:32:19', '2018-04-11 12:32:19'),
	(21, 25, 'Maya Towne', 'Maiores aliquid labore voluptas. Est est doloremque sunt esse. Quas possimus culpa enim distinctio consequuntur. Quibusdam excepturi nulla aut ullam qui.', 4, '2018-04-11 12:32:19', '2018-04-11 12:32:19'),
	(22, 56, 'Miles Eichmann', 'Quidem sit ipsam illum velit. Voluptates et harum voluptatem ut in. Fugit et alias perferendis.', 2, '2018-04-11 12:32:19', '2018-04-11 12:32:19'),
	(23, 12, 'Ariane Nitzsche', 'Et et earum sit pariatur fugit qui. Inventore est voluptatem veritatis dolorem magnam consequatur aut. Sint voluptas explicabo praesentium explicabo saepe expedita. Voluptatibus minima omnis aliquam qui aliquam. Magni ab sed cumque quam reprehenderit quia sint rerum.', 1, '2018-04-11 12:32:19', '2018-04-11 12:32:19'),
	(24, 21, 'Mr. Cristopher Welch', 'Voluptas nobis recusandae nihil et aut. Suscipit quibusdam reiciendis et sequi. Dolorum repellendus quo et repudiandae voluptatem et. Dignissimos sed sapiente eum autem.', 4, '2018-04-11 12:32:19', '2018-04-11 12:32:19'),
	(25, 56, 'Glen Wolff', 'Dolores illo enim quos vero vel. Similique sed eum numquam repellendus numquam a architecto explicabo. Fugit quia dolor voluptatem reprehenderit.', 1, '2018-04-11 12:32:19', '2018-04-11 12:32:19'),
	(26, 61, 'Kenny Buckridge MD', 'Ducimus dolores assumenda ipsam. Non facilis magni omnis non. Qui molestiae iste qui culpa omnis reiciendis. Quae impedit autem ad est libero aliquid odit.', 5, '2018-04-11 12:32:19', '2018-04-11 12:32:19'),
	(27, 17, 'Logan Breitenberg', 'Iusto quaerat voluptatem eveniet eveniet id et. Voluptatum rerum temporibus dolores similique in quasi dolor. Quo autem rerum nulla et error quibusdam.', 5, '2018-04-11 12:32:19', '2018-04-11 12:32:19'),
	(28, 13, 'Kaylee Thompson', 'At sequi fugiat et. Ea voluptatum id asperiores et rem consequatur facere. Et a eaque accusamus modi est.', 0, '2018-04-11 12:32:19', '2018-04-11 12:32:19'),
	(29, 71, 'Magnolia Franecki', 'Enim perspiciatis dignissimos sed id est. Ut omnis velit officia neque voluptatem. Similique aperiam minus laboriosam et quisquam modi distinctio. Rem aut nisi temporibus officiis eum.', 4, '2018-04-11 12:32:19', '2018-04-11 12:32:19'),
	(30, 41, 'Ariel Stamm', 'Laudantium aut quasi a sequi. Omnis recusandae et aut voluptates ducimus. Laborum quos maiores sed delectus vitae vel aliquid. Officiis suscipit quis dolore et.', 4, '2018-04-11 12:32:19', '2018-04-11 12:32:19'),
	(31, 30, 'Cecil Towne', 'Sapiente quis magnam minima ullam assumenda. Provident quia impedit quos. Omnis blanditiis quia consequatur quis voluptate doloremque sit.', 0, '2018-04-11 12:32:19', '2018-04-11 12:32:19'),
	(32, 97, 'Kassandra Friesen', 'Quidem alias quos quod ipsa temporibus a iste. Numquam labore quam odit ut. Repellendus consequatur officia ut.', 5, '2018-04-11 12:32:19', '2018-04-11 12:32:19'),
	(33, 4, 'Prof. Isadore Yost', 'Soluta rem illum ut. Facere nisi eum recusandae ut illo eaque sed. Praesentium aut eum veniam necessitatibus. Dolores error odit vel consequatur rerum vero fugit.', 0, '2018-04-11 12:32:19', '2018-04-11 12:32:19'),
	(34, 29, 'Travis Bergstrom', 'Nobis illum fugiat voluptatem. Qui qui et voluptatibus velit voluptates id adipisci. Saepe deleniti recusandae necessitatibus et quos voluptatem.', 4, '2018-04-11 12:32:19', '2018-04-11 12:32:19'),
	(35, 60, 'Janis Feest', 'Doloremque dolor aut aspernatur laborum repudiandae. Repellat nobis ut voluptatem aperiam odio et eius. Ut similique qui qui non nam voluptate neque. Rerum ex saepe neque animi sed saepe.', 3, '2018-04-11 12:32:19', '2018-04-11 12:32:19'),
	(36, 17, 'Douglas Pollich IV', 'Modi ex sit sequi dolorem nobis. Natus eum est et sint maiores. Recusandae repudiandae beatae accusamus repellat ut. Voluptatem et eaque perspiciatis earum atque error.', 4, '2018-04-11 12:32:19', '2018-04-11 12:32:19'),
	(37, 29, 'Dr. Mafalda Ruecker Sr.', 'Necessitatibus occaecati qui officia. Sit error quibusdam itaque nulla nemo. Quaerat magni fuga velit sapiente. Soluta dicta in doloremque rerum suscipit odio repellendus.', 4, '2018-04-11 12:32:19', '2018-04-11 12:32:19'),
	(38, 53, 'Treva Swift', 'Et aspernatur omnis velit harum. In et qui in dolorum nobis. Illum nisi consectetur ipsum numquam sunt ut. Aut suscipit pariatur dolore accusamus.', 5, '2018-04-11 12:32:19', '2018-04-11 12:32:19'),
	(39, 23, 'Michelle Medhurst', 'Voluptatem maxime sapiente explicabo non reiciendis. Autem harum quaerat quo alias. Est modi corrupti sint.', 5, '2018-04-11 12:32:19', '2018-04-11 12:32:19'),
	(40, 50, 'Dr. Jeremie Schmidt', 'Enim sint est culpa saepe consequatur. Sint architecto ipsum vel quidem sequi ea quas. Voluptatem est vel culpa qui atque voluptatibus nam. Quas autem minima est sint.', 1, '2018-04-11 12:32:19', '2018-04-11 12:32:19'),
	(41, 32, 'Damaris Aufderhar', 'Magnam optio aliquid qui natus atque velit atque. Eum velit rem in cupiditate. Aperiam at nihil est quis repellendus quia. Perspiciatis nisi rerum et magni illum incidunt.', 2, '2018-04-11 12:32:19', '2018-04-11 12:32:19'),
	(42, 34, 'Anastacio Schowalter', 'Officiis voluptate quam magni ut et sit sint. Atque molestiae ut quis dolore est omnis ut. Dicta non nisi quia tenetur quia iusto qui. Eum ut ut expedita.', 3, '2018-04-11 12:32:19', '2018-04-11 12:32:19'),
	(43, 93, 'Shayna Greenholt MD', 'Sunt qui rerum magnam dignissimos et beatae ut eaque. Eveniet et quis nisi sint aperiam. Qui voluptatem ipsum aut suscipit expedita quia enim. Autem perspiciatis doloremque nulla qui.', 1, '2018-04-11 12:32:19', '2018-04-11 12:32:19'),
	(44, 59, 'Ms. Shemar Wuckert I', 'Fugiat non laborum nemo qui. Molestiae vitae possimus eius. Tenetur sed inventore vel culpa asperiores itaque temporibus. Aut in atque veniam est saepe tempore.', 1, '2018-04-11 12:32:19', '2018-04-11 12:32:19'),
	(45, 6, 'Dell Greenfelder', 'Ab id reprehenderit quis. Eos aliquid excepturi libero perferendis quasi. Deserunt voluptatum sed quibusdam molestias.', 2, '2018-04-11 12:32:19', '2018-04-11 12:32:19'),
	(46, 78, 'Graham Gerlach', 'Omnis necessitatibus eum qui. Delectus quia sit vero quasi laborum eos. Labore sit quo est perspiciatis sed.', 0, '2018-04-11 12:32:19', '2018-04-11 12:32:19'),
	(47, 73, 'Dr. Cassidy Jacobs MD', 'Pariatur ipsam ut et cumque sit. Quam dolor esse cupiditate qui tenetur aut fugit. Quis hic dolor quisquam sit.', 0, '2018-04-11 12:32:19', '2018-04-11 12:32:19'),
	(48, 40, 'Madaline Lebsack', 'Rem earum quasi autem laudantium voluptatibus quaerat inventore. Aliquid et quaerat ut eum sed dignissimos rerum eum. Illum tempore id quia quasi ratione ratione. Est enim quia labore ipsum quaerat possimus distinctio. Rerum veniam eaque voluptatem maiores ratione architecto quasi sunt.', 5, '2018-04-11 12:32:19', '2018-04-11 12:32:19'),
	(49, 100, 'Moriah Upton', 'Aliquid fugiat est consequatur quo. Enim et qui est quia dolorem ut ut. Ex et soluta maiores voluptatem ipsum. Doloribus ab aliquid explicabo voluptas. Sunt sit voluptas alias at amet.', 2, '2018-04-11 12:32:19', '2018-04-11 12:32:19'),
	(50, 51, 'Jimmie Volkman', 'Provident non voluptatibus vel aut tempora hic aliquid. Temporibus veritatis ab unde sit autem ex sequi asperiores. Minima omnis quia mollitia laboriosam error sint. Numquam dolore aut et earum est architecto.', 1, '2018-04-11 12:32:19', '2018-04-11 12:32:19'),
	(51, 34, 'Ms. Noemie Huels', 'Atque quaerat earum nostrum aspernatur. Est mollitia quaerat facilis voluptas. Laudantium nihil omnis ab consequatur.', 0, '2018-04-11 12:32:19', '2018-04-11 12:32:19'),
	(52, 36, 'Miss Catalina Becker PhD', 'Aut recusandae tempora assumenda. Quia veritatis tenetur explicabo modi autem rem sit. Distinctio sit iste vitae dolor eum. Perspiciatis consequuntur enim voluptates suscipit eum placeat repudiandae molestiae.', 2, '2018-04-11 12:32:19', '2018-04-11 12:32:19'),
	(53, 71, 'Alvah Bins', 'Et aspernatur numquam dolor consectetur cumque sunt. Ut doloribus distinctio nisi et. Nam error rerum minima repellat quibusdam excepturi asperiores. Autem tempore accusantium accusamus libero.', 5, '2018-04-11 12:32:19', '2018-04-11 12:32:19'),
	(54, 18, 'Prof. Fabiola Towne Sr.', 'Omnis quia eaque fuga rerum eveniet autem et quidem. Et molestiae sint tempora molestiae.', 1, '2018-04-11 12:32:19', '2018-04-11 12:32:19'),
	(55, 9, 'Darrel Davis', 'A qui quisquam reprehenderit voluptatibus rem dolorem in consequatur. Culpa ut exercitationem dolor. Iusto provident et qui et.', 3, '2018-04-11 12:32:19', '2018-04-11 12:32:19'),
	(56, 40, 'Eliseo Wiegand', 'Alias iusto consectetur error voluptatem eos dicta. Enim quis error est atque amet eveniet. Sit nostrum ut ad aliquid id laborum cum.', 1, '2018-04-11 12:32:20', '2018-04-11 12:32:20'),
	(57, 19, 'Loma Oberbrunner', 'Qui quae quod et. Iusto neque accusamus et in. Recusandae hic dolorum reiciendis. Modi fuga eaque et ipsam vitae eaque.', 5, '2018-04-11 12:32:20', '2018-04-11 12:32:20'),
	(58, 11, 'Kelsie Eichmann', 'Ullam architecto excepturi repellendus. Molestiae placeat iste consectetur a totam ad dicta. Cupiditate excepturi numquam quam impedit ducimus consequatur.', 5, '2018-04-11 12:32:20', '2018-04-11 12:32:20'),
	(59, 55, 'Brando Bashirian DVM', 'Veritatis nostrum cupiditate aliquid consequatur. Rem qui quia harum. Expedita repellat aut ea mollitia velit itaque sed.', 0, '2018-04-11 12:32:20', '2018-04-11 12:32:20'),
	(60, 24, 'Augusta Dare', 'Quidem excepturi nihil sint natus quos. Minus dolor harum numquam commodi non aspernatur fuga natus. Illum eum dolores accusamus nulla a.', 2, '2018-04-11 12:32:20', '2018-04-11 12:32:20'),
	(61, 11, 'Velda Oberbrunner', 'Fugit illum in blanditiis libero consequatur. Cupiditate ad molestiae aut tempora rem eligendi repellat quae. Saepe aperiam quo omnis tenetur voluptatem voluptas nisi.', 4, '2018-04-11 12:32:20', '2018-04-11 12:32:20'),
	(62, 11, 'Trystan Denesik', 'Quia expedita expedita expedita repellendus aliquam omnis. Aut accusantium nesciunt quibusdam. Eius quia debitis deserunt ea et adipisci. Veritatis ab dolores explicabo sed. Dolorem asperiores autem et sint inventore dolorem quod illum.', 1, '2018-04-11 12:32:20', '2018-04-11 12:32:20'),
	(63, 71, 'Dr. Conor Morar', 'Voluptas neque aspernatur itaque. Sunt ea et iusto quibusdam temporibus. Debitis et consequatur incidunt eum harum. Dolores voluptatibus quia alias eos blanditiis officiis aliquid.', 1, '2018-04-11 12:32:20', '2018-04-11 12:32:20'),
	(64, 38, 'Jamaal Jast', 'Quaerat maiores adipisci aut quia culpa. Ea expedita fugiat enim architecto aut. Voluptate nihil ab debitis voluptas consequuntur earum.', 1, '2018-04-11 12:32:20', '2018-04-11 12:32:20'),
	(65, 30, 'Dr. Helmer Johnson', 'Veritatis corrupti velit dolores dignissimos dolorum. Et fugit aperiam soluta aut asperiores. Non culpa hic voluptatem est odio assumenda harum minima.', 4, '2018-04-11 12:32:20', '2018-04-11 12:32:20'),
	(66, 4, 'Abagail Schamberger', 'Voluptatem enim est ex atque ut dignissimos. Non vel sed qui itaque tempora et. Tenetur molestiae rerum est at rerum.', 2, '2018-04-11 12:32:20', '2018-04-11 12:32:20'),
	(67, 3, 'Miss Katrina Leffler', 'Ipsa eius est harum voluptatum non et sed modi. Suscipit eveniet rerum nihil dolores. Recusandae eaque unde dolor vel. Veniam iste delectus quos qui dolorum et quia quo.', 4, '2018-04-11 12:32:20', '2018-04-11 12:32:20'),
	(68, 42, 'Hermina Wolf', 'Voluptate corporis non sit voluptatibus. Asperiores laudantium sint aperiam consectetur qui. Placeat iusto temporibus molestiae omnis. Ut aut et nobis soluta in ipsa neque.', 5, '2018-04-11 12:32:20', '2018-04-11 12:32:20'),
	(69, 69, 'Dean Beahan Sr.', 'Sit veritatis amet nobis non commodi quia dolorum. Voluptatem debitis non sed nihil sed hic maiores. Tenetur dolorem quia et qui corrupti dolor. Recusandae harum soluta porro sint veritatis.', 1, '2018-04-11 12:32:20', '2018-04-11 12:32:20'),
	(70, 27, 'Nadia Zulauf', 'Inventore aspernatur similique at harum. Facilis qui aliquam quasi et ipsa omnis et. Facere et veniam placeat repudiandae eum voluptatem. Sapiente minima omnis nostrum consequatur dolorem. Quod quo debitis placeat dolores voluptas reprehenderit et.', 4, '2018-04-11 12:32:20', '2018-04-11 12:32:20'),
	(71, 78, 'Kenneth Howell', 'Delectus id qui est rerum. Aperiam assumenda accusantium beatae modi eos quibusdam. Aut et et explicabo consequatur voluptas reprehenderit quod. Et et et perspiciatis debitis. Voluptates quia repudiandae adipisci iusto quo consequatur beatae.', 5, '2018-04-11 12:32:20', '2018-04-11 12:32:20'),
	(72, 6, 'Imogene Kreiger', 'In dolores veritatis libero aut. Aspernatur molestiae et id aut dolor beatae.', 4, '2018-04-11 12:32:20', '2018-04-11 12:32:20'),
	(73, 80, 'Shane McClure', 'Eveniet consequatur perferendis itaque at omnis. Eum sequi quibusdam magnam ea. Maiores voluptatem animi qui nesciunt vero aut et adipisci. Perferendis fuga dolor magni et fuga.', 1, '2018-04-11 12:32:20', '2018-04-11 12:32:20'),
	(74, 94, 'Devyn Ferry', 'Est nemo laborum molestiae quisquam impedit consectetur dolor. Tenetur a et consequatur impedit. Impedit neque perferendis ullam aliquid est rerum aut. Numquam vitae molestias et fugiat qui dignissimos.', 5, '2018-04-11 12:32:20', '2018-04-11 12:32:20'),
	(75, 55, 'Roslyn Nader', 'Quo deleniti repellat architecto consequatur dolores excepturi. Ut veniam quasi quae aut et corporis. Omnis quia error tenetur.', 1, '2018-04-11 12:32:20', '2018-04-11 12:32:20'),
	(76, 40, 'Hershel Anderson Sr.', 'Labore eos est sequi. Laborum quo omnis totam qui accusantium distinctio maiores. Ea qui ducimus itaque.', 2, '2018-04-11 12:32:20', '2018-04-11 12:32:20'),
	(77, 98, 'Prof. Burley Pfannerstill II', 'Qui commodi natus sunt alias illo veniam. Animi voluptatem ut aut quisquam. Reiciendis iure quia quis.', 5, '2018-04-11 12:32:20', '2018-04-11 12:32:20'),
	(78, 68, 'Addison Pfannerstill', 'Ex delectus vitae recusandae sunt est fugit sint. At veniam nihil qui omnis sed a laboriosam. Accusantium est ut et et.', 5, '2018-04-11 12:32:20', '2018-04-11 12:32:20'),
	(79, 100, 'Robert Dach I', 'Veritatis vitae non explicabo. Praesentium ad odio laboriosam eum voluptatem. Sed nesciunt fugiat doloribus ex et eveniet eaque.', 2, '2018-04-11 12:32:20', '2018-04-11 12:32:20'),
	(80, 9, 'Prof. Florencio Conn', 'Quaerat doloribus velit sed delectus. Est corrupti est exercitationem culpa voluptas quia mollitia. Delectus atque magni dolor impedit. Iste dolorem omnis voluptatibus ut quidem quae quis.', 5, '2018-04-11 12:32:20', '2018-04-11 12:32:20'),
	(81, 52, 'Miss Gerry Torphy', 'Architecto laboriosam molestias cumque quos ipsam non. A debitis ab dolores molestiae est. Animi similique sit ullam officiis quod eaque. Modi adipisci vero tenetur quos aut. Labore voluptas dolor perspiciatis ducimus.', 1, '2018-04-11 12:32:20', '2018-04-11 12:32:20'),
	(82, 37, 'Prof. Edwin Hermiston', 'Aut aperiam sed sunt temporibus. Sit voluptas quia omnis et voluptatem. Deleniti at blanditiis quam sapiente laudantium. Aut qui ullam quas.', 3, '2018-04-11 12:32:20', '2018-04-11 12:32:20'),
	(83, 95, 'Rickie Kautzer', 'Iure eum iste aut excepturi. Fugiat aperiam ut qui explicabo. Neque culpa quia veniam architecto aperiam.', 4, '2018-04-11 12:32:20', '2018-04-11 12:32:20'),
	(84, 26, 'Ena Beer', 'Facilis consequuntur tempore quo minus possimus molestias. Et ut temporibus aut. Ut vel ullam quae velit. Et magni et occaecati aliquam ullam amet.', 3, '2018-04-11 12:32:20', '2018-04-11 12:32:20'),
	(85, 59, 'Clyde Kiehn', 'Quibusdam animi consectetur possimus voluptas quasi. Eius sint vero nulla qui quam. Architecto ut voluptatibus molestiae. Eum et tempore iste molestias amet facilis. Ut repellat sed aut quasi vero.', 2, '2018-04-11 12:32:20', '2018-04-11 12:32:20'),
	(86, 96, 'Miss Audie O\'Conner', 'Tempore itaque libero assumenda quos. Et eveniet porro ut amet saepe. Asperiores et sed dolorem ipsam corporis voluptatem.', 5, '2018-04-11 12:32:20', '2018-04-11 12:32:20'),
	(87, 54, 'Rebekah Rowe II', 'Aut a accusantium placeat enim aspernatur nihil voluptatem. Consequatur dicta ut inventore eligendi. Error sunt laborum dolorem sunt odio suscipit ipsum. Iste doloremque voluptatem in vitae sequi error sint.', 2, '2018-04-11 12:32:20', '2018-04-11 12:32:20'),
	(88, 97, 'Golda Schumm', 'Id et inventore et eveniet. Non sunt officiis occaecati officia accusantium. Ea quaerat impedit beatae voluptas.', 2, '2018-04-11 12:32:20', '2018-04-11 12:32:20'),
	(89, 80, 'Dr. Lisa Haag', 'Quis repellat saepe quidem. Cupiditate eum ut tempore facere nemo et omnis. Est voluptatem nesciunt rerum adipisci optio consequuntur sed est. Adipisci delectus praesentium culpa qui reiciendis voluptatem consequatur.', 0, '2018-04-11 12:32:20', '2018-04-11 12:32:20'),
	(90, 18, 'Ashleigh Hansen', 'Non doloremque cupiditate omnis enim et laudantium. Rem perspiciatis temporibus et magni. Porro et ullam aliquam ratione. Qui asperiores deserunt similique labore dolores enim minus.', 2, '2018-04-11 12:32:20', '2018-04-11 12:32:20'),
	(91, 16, 'Fernando Kunze', 'Qui non nam consequatur possimus eos officiis aut. Praesentium voluptatem veritatis hic blanditiis voluptas corrupti et. Omnis voluptatem id sit quaerat.', 2, '2018-04-11 12:32:20', '2018-04-11 12:32:20'),
	(92, 21, 'Bradly Hagenes', 'Dolor molestias quasi eos et non. Provident consequatur aut nihil nihil et similique aliquid. Sint similique iure omnis earum quod reiciendis autem ut. Qui blanditiis tempora deleniti recusandae voluptate asperiores.', 5, '2018-04-11 12:32:20', '2018-04-11 12:32:20'),
	(93, 21, 'Luigi Satterfield', 'Saepe earum temporibus voluptas numquam provident voluptatem architecto. Sunt eos maxime nesciunt totam accusantium. Explicabo saepe libero nesciunt quo velit expedita aut.', 0, '2018-04-11 12:32:20', '2018-04-11 12:32:20'),
	(94, 90, 'Magnus Jacobi IV', 'Harum consectetur fugiat repellendus. Fugit sed ipsa sint deserunt.', 4, '2018-04-11 12:32:20', '2018-04-11 12:32:20'),
	(95, 5, 'Mrs. Jennifer Miller PhD', 'Ullam ullam enim laboriosam sed tenetur. Non ut saepe assumenda eum et eius quis. Labore nulla placeat vitae voluptatem.', 5, '2018-04-11 12:32:20', '2018-04-11 12:32:20'),
	(96, 46, 'Susana Cormier', 'Et facere iusto voluptates incidunt voluptas possimus aliquid maxime. Amet dicta ut rerum eveniet. Quo autem ad nulla quibusdam harum. A sed vel aliquid enim.', 3, '2018-04-11 12:32:20', '2018-04-11 12:32:20'),
	(97, 73, 'Dr. Colby Beer', 'Blanditiis et maxime laboriosam quis perferendis possimus. Sit nihil et est necessitatibus omnis dolorem. Animi consequatur libero ea quod necessitatibus ipsum dolore.', 0, '2018-04-11 12:32:20', '2018-04-11 12:32:20'),
	(98, 33, 'Maverick Beatty', 'Non illo ullam eos blanditiis laborum error qui aut. Perspiciatis ut labore et delectus aliquid ipsa quia. At aspernatur voluptas architecto necessitatibus consequatur est reprehenderit. Maiores accusamus rerum eos est perspiciatis in.', 2, '2018-04-11 12:32:20', '2018-04-11 12:32:20'),
	(99, 1, 'Jolie Howell MD', 'Similique ea corrupti nihil reprehenderit ratione. Ipsum omnis dolorem accusantium et placeat blanditiis. Omnis quisquam ipsa officiis enim laboriosam mollitia mollitia. Nesciunt dicta temporibus alias deleniti architecto.', 2, '2018-04-11 12:32:20', '2018-04-11 12:32:20'),
	(100, 72, 'Prof. Charlie Herman DDS', 'Debitis est atque aut eos et. Aut possimus inventore dolorem quam illum. Accusantium fugiat magnam et aperiam quia sint illo.', 1, '2018-04-11 12:32:21', '2018-04-11 12:32:21'),
	(101, 100, 'Dr. Scottie Ondricka', 'Veritatis nemo totam dolor incidunt est quod delectus. Dolorum corrupti commodi maxime excepturi tempora odio deleniti. Similique praesentium autem dolores et cupiditate quia.', 3, '2018-04-11 12:32:21', '2018-04-11 12:32:21'),
	(102, 100, 'Mrs. Sonia Adams', 'Fugiat fugit qui est vero. Ut qui accusantium quia non. Magnam dolores consequatur exercitationem ut magnam.', 5, '2018-04-11 12:32:21', '2018-04-11 12:32:21'),
	(103, 46, 'Demarcus Bailey', 'Aut dolores reprehenderit nihil. Qui iure repudiandae consequatur sed. Amet ab ut enim aut. Libero corporis quod et vitae rerum molestias.', 1, '2018-04-11 12:32:21', '2018-04-11 12:32:21'),
	(104, 96, 'Madisen Marks', 'Nisi ullam quia porro inventore atque perspiciatis. Sed occaecati qui accusantium ab a quae. Beatae mollitia culpa fugiat harum ea.', 0, '2018-04-11 12:32:21', '2018-04-11 12:32:21'),
	(105, 54, 'Prof. Jose Lueilwitz V', 'Libero veritatis sed ducimus pariatur et impedit at. Consequuntur ea optio dolor nam neque laborum. Omnis et repellat aut dolor itaque rerum. Et eum rerum ut dignissimos saepe.', 2, '2018-04-11 12:32:21', '2018-04-11 12:32:21'),
	(106, 77, 'Ms. Annie Hessel Jr.', 'Non blanditiis necessitatibus qui veniam deleniti deserunt reiciendis id. Itaque animi molestiae doloribus. Molestiae sed sed officiis facere dolorem et fuga.', 3, '2018-04-11 12:32:21', '2018-04-11 12:32:21'),
	(107, 55, 'Dr. Elva Maggio MD', 'Est ipsa perspiciatis quaerat. Sed qui iure voluptatem saepe laborum possimus.', 0, '2018-04-11 12:32:21', '2018-04-11 12:32:21'),
	(108, 29, 'Dr. Raquel Hills', 'Quasi repellat omnis dolores amet quo perspiciatis voluptas. Suscipit quis excepturi a. Possimus aut delectus ducimus iste qui. At rerum officiis et error et adipisci.', 2, '2018-04-11 12:32:21', '2018-04-11 12:32:21'),
	(109, 16, 'Mrs. Briana Luettgen DDS', 'Perspiciatis consequuntur magni dignissimos veritatis. Amet quia pariatur quis qui ipsum. Qui sapiente eveniet quaerat ullam eaque et fugit.', 1, '2018-04-11 12:32:21', '2018-04-11 12:32:21'),
	(110, 22, 'Regan Trantow IV', 'Maxime nihil ullam perspiciatis inventore. Recusandae ipsam aperiam ut eius quo dolorum. Facilis officiis nostrum dolores enim accusantium est et. Possimus qui nostrum voluptas facere quia.', 2, '2018-04-11 12:32:21', '2018-04-11 12:32:21'),
	(111, 66, 'Prof. Celine Jenkins PhD', 'Non quam facilis in. Dolor sed voluptatem id ullam. Nisi laudantium atque quis dolores maxime. Voluptatem dolores incidunt explicabo eum quae architecto.', 1, '2018-04-11 12:32:21', '2018-04-11 12:32:21'),
	(112, 96, 'Olin Beer V', 'Enim qui quo consequatur voluptatibus qui facilis. Sapiente quod nisi dolores ut eos. Et nihil voluptate quibusdam voluptas excepturi sed id similique. Aut maiores inventore omnis ipsam voluptatem aut.', 3, '2018-04-11 12:32:21', '2018-04-11 12:32:21'),
	(113, 31, 'Sabryna Wuckert', 'Assumenda ipsam eum omnis. Quasi aperiam eius tempore cum doloremque. Et quisquam reiciendis et consequatur reprehenderit amet doloribus ut. Rerum earum nulla eveniet recusandae distinctio.', 3, '2018-04-11 12:32:21', '2018-04-11 12:32:21'),
	(114, 13, 'Laurianne Sawayn', 'Quae occaecati voluptates atque maiores possimus ea. Reiciendis vel molestias quam voluptatem. Est at dolore non omnis sunt. Voluptatem soluta quidem vero nobis.', 0, '2018-04-11 12:32:21', '2018-04-11 12:32:21'),
	(115, 81, 'Ms. Kirsten Schmitt IV', 'Repudiandae et incidunt blanditiis rem consequatur cumque ut. Repudiandae sit earum eveniet est nostrum. Aut et magni in et.', 5, '2018-04-11 12:32:21', '2018-04-11 12:32:21'),
	(116, 35, 'Kiarra Labadie', 'Nihil inventore consectetur beatae magni dolorum nihil amet. Voluptatum harum alias quidem aut. Sit enim delectus voluptate quibusdam esse excepturi eos veniam. Est officia provident quasi qui ex.', 0, '2018-04-11 12:32:21', '2018-04-11 12:32:21'),
	(117, 56, 'Dr. Jules Bradtke', 'Dolor voluptatum minima sunt cupiditate sapiente molestiae labore minima. Enim maxime qui aut quasi. Exercitationem quod perspiciatis libero doloremque excepturi. Quia eum sed aliquid esse aspernatur sed illo.', 4, '2018-04-11 12:32:21', '2018-04-11 12:32:21'),
	(118, 73, 'Mrs. Pinkie Monahan', 'Quasi ut cum eos nemo et ratione quia autem. Veniam ex temporibus beatae ullam rerum ullam non delectus. Ratione consequuntur saepe inventore asperiores.', 2, '2018-04-11 12:32:21', '2018-04-11 12:32:21'),
	(119, 4, 'Prof. Abel Strosin Sr.', 'Accusantium error sed quia tenetur dolor deserunt sunt tenetur. Eveniet ea laborum ut fugit velit excepturi consequatur. Nihil sunt rerum rerum iusto quam similique dolores.', 0, '2018-04-11 12:32:21', '2018-04-11 12:32:21'),
	(120, 16, 'Miss Catharine Cremin', 'Quam mollitia aperiam autem atque quia iusto deleniti. Aut iure debitis cum recusandae sunt fugiat. Vitae facere id et et totam. Occaecati vel laboriosam ut ut numquam alias deserunt.', 1, '2018-04-11 12:32:21', '2018-04-11 12:32:21'),
	(121, 12, 'Astrid DuBuque', 'Totam aliquid possimus dignissimos eligendi sit cum repellendus. Aut quo reiciendis maiores ullam. Magnam atque odit earum est. Dolor velit voluptatem voluptas ipsum voluptatibus possimus.', 5, '2018-04-11 12:32:21', '2018-04-11 12:32:21'),
	(122, 72, 'Justice Schmitt', 'Sed quos veritatis ducimus voluptatem. Sint omnis aliquid ut aliquam eum. Eius et ea voluptatibus cupiditate nemo voluptatem. Doloremque quo est optio iusto voluptatibus. Et culpa neque perferendis rerum assumenda.', 1, '2018-04-11 12:32:21', '2018-04-11 12:32:21'),
	(123, 81, 'Kurt Stoltenberg', 'Sed dicta quo facere qui quibusdam optio aut aliquam. Nam officiis dolor laudantium eligendi assumenda. Fugit autem architecto illo.', 1, '2018-04-11 12:32:21', '2018-04-11 12:32:21'),
	(124, 64, 'Gail Kessler IV', 'Omnis accusamus rerum odio illum dolor qui vel. Facere ex ut commodi animi officiis mollitia error rerum.', 5, '2018-04-11 12:32:21', '2018-04-11 12:32:21'),
	(125, 81, 'Max Halvorson', 'Est tempore molestiae omnis et. Odio eum rerum doloremque aut voluptates consequuntur. Distinctio quis culpa ab et fugiat praesentium totam. Totam quasi et est quisquam sed expedita.', 3, '2018-04-11 12:32:21', '2018-04-11 12:32:21'),
	(126, 5, 'Aaliyah Pacocha', 'Sunt ut delectus qui cumque laboriosam. Amet animi sint fuga fugiat laborum. Corporis facilis occaecati temporibus corrupti incidunt earum temporibus quia. Provident beatae eum provident qui dicta.', 0, '2018-04-11 12:32:21', '2018-04-11 12:32:21'),
	(127, 10, 'Dr. Janet Langosh DVM', 'Omnis culpa necessitatibus error quia quis et. Facere possimus molestiae qui in. Illum cumque nulla quae praesentium quisquam.', 2, '2018-04-11 12:32:21', '2018-04-11 12:32:21'),
	(128, 90, 'Lane Hoppe', 'Quo aliquid aperiam harum aperiam. Pariatur ea facere odio enim quibusdam porro et. Distinctio consequuntur quia sed vero.', 5, '2018-04-11 12:32:21', '2018-04-11 12:32:21'),
	(129, 60, 'Dr. Dawn Kuvalis', 'Est ut illo reprehenderit iure enim. Nulla sunt voluptatem neque voluptate reprehenderit tempore eligendi. Ut ipsum dolore doloremque consequatur debitis.', 2, '2018-04-11 12:32:21', '2018-04-11 12:32:21'),
	(130, 10, 'Amaya Rice', 'Error quam quis molestiae nobis repudiandae nam. Facilis quas minima rerum recusandae.', 0, '2018-04-11 12:32:21', '2018-04-11 12:32:21'),
	(131, 23, 'Prof. Nichole Wolf', 'Delectus natus labore dolorem. Vero occaecati facere animi excepturi expedita velit. Ducimus atque consequatur voluptas assumenda qui reprehenderit laudantium. Et ab possimus mollitia dolorem sed ut occaecati.', 2, '2018-04-11 12:32:21', '2018-04-11 12:32:21'),
	(132, 45, 'Vicenta Rempel', 'Dignissimos error sequi repellat ea iusto minima adipisci nobis. Minus tempore placeat rerum magnam enim voluptatem. Ipsa corporis quo quasi ipsam recusandae. Doloremque consequatur repellat exercitationem non.', 1, '2018-04-11 12:32:21', '2018-04-11 12:32:21'),
	(133, 73, 'Prof. Adolph Bahringer DVM', 'Et alias rerum impedit aliquam. Sed quod est voluptatem sit quidem.', 3, '2018-04-11 12:32:21', '2018-04-11 12:32:21'),
	(134, 46, 'Ms. Julianne Brekke', 'Libero hic fugit officiis aut consequatur omnis sit. Debitis repellendus architecto aut. Id omnis omnis nihil officiis illum veritatis.', 4, '2018-04-11 12:32:21', '2018-04-11 12:32:21'),
	(135, 26, 'Dr. Mollie Little MD', 'Voluptatum dolor laboriosam omnis et sed est dolorum. Sit sed atque molestiae deserunt. Nostrum molestiae enim voluptatum dicta illo. Ut ullam distinctio commodi sequi amet.', 2, '2018-04-11 12:32:21', '2018-04-11 12:32:21'),
	(136, 12, 'Veda Daniel', 'Dolores mollitia enim vel. Nostrum illum est rerum vel delectus nihil aliquid. Qui corporis quam nostrum ut mollitia autem. Est unde quos ipsam dolorem temporibus sed maiores.', 4, '2018-04-11 12:32:21', '2018-04-11 12:32:21'),
	(137, 69, 'Mr. Curt Wisoky', 'Iusto non sequi sed quis blanditiis excepturi. Voluptatem illum aut sapiente quia cumque qui facilis. Consequatur esse quo consequatur quidem enim itaque provident amet.', 4, '2018-04-11 12:32:21', '2018-04-11 12:32:21'),
	(138, 94, 'Dr. Randy Kutch DVM', 'Unde nulla molestiae vero asperiores consequuntur eum vel. Laborum ab et nostrum delectus eligendi quisquam. Aliquam qui sed aut molestiae. Rerum aspernatur libero dolor minima laudantium. Non molestiae quis est qui aut.', 4, '2018-04-11 12:32:21', '2018-04-11 12:32:21'),
	(139, 33, 'Prof. Chaz Yost DDS', 'Quibusdam rerum rerum eum dolor voluptatem magnam. Et maxime non vitae. Non unde aspernatur expedita totam ea eveniet assumenda quasi. Est est in et aut et qui.', 5, '2018-04-11 12:32:21', '2018-04-11 12:32:21'),
	(140, 32, 'Addie Jacobi', 'Aliquam et consequatur aut incidunt. Assumenda sunt est expedita ut et. Labore adipisci optio quo molestias magnam id. Quibusdam vel sit eum.', 3, '2018-04-11 12:32:21', '2018-04-11 12:32:21'),
	(141, 27, 'Barbara Johnson', 'Consequatur possimus omnis mollitia sunt nam asperiores voluptatem. Porro enim eos qui aliquam molestiae ut. Quidem fugiat rerum aut nesciunt. Ut aut nulla itaque.', 4, '2018-04-11 12:32:22', '2018-04-11 12:32:22'),
	(142, 29, 'Reyes Dibbert', 'Eligendi voluptatum quo rerum eius. Dolor hic nisi id eligendi nostrum. Voluptas fuga incidunt ad mollitia sequi consequatur nisi dolores.', 4, '2018-04-11 12:32:22', '2018-04-11 12:32:22'),
	(143, 15, 'Jaquan Brown', 'Magnam culpa natus esse quo. Provident voluptas nobis architecto libero et aut. Quia aut laboriosam quod cum deserunt sed.', 5, '2018-04-11 12:32:22', '2018-04-11 12:32:22'),
	(144, 98, 'Mrs. Sabrina Crona', 'Iste corrupti omnis blanditiis amet tempora alias sit harum. Sit quis adipisci id esse iste. Hic ad et maiores dolor omnis. Aliquam eveniet sunt officia et voluptatem et quibusdam modi.', 2, '2018-04-11 12:32:22', '2018-04-11 12:32:22'),
	(145, 61, 'Hildegard Wilderman', 'Sunt enim qui nobis dolor nobis est. Aut ratione aut atque tenetur. Sit maiores itaque nemo autem molestiae reiciendis laudantium aut.', 1, '2018-04-11 12:32:22', '2018-04-11 12:32:22'),
	(146, 32, 'Mrs. Dorothea Kshlerin', 'Repellendus fugiat laborum a libero velit perferendis. Quia atque fugit repudiandae aut quidem perferendis fugit. Id corporis et quia et mollitia. Ut iste ipsa esse voluptas doloremque.', 4, '2018-04-11 12:32:22', '2018-04-11 12:32:22'),
	(147, 76, 'Lila Stehr', 'Id quaerat in temporibus iusto. Ipsam aut nobis consequatur quam doloribus. Sequi ad sint quo temporibus. Quibusdam perspiciatis dolore possimus iusto. Iusto quibusdam earum ut hic quis.', 4, '2018-04-11 12:32:22', '2018-04-11 12:32:22'),
	(148, 3, 'Brigitte Mann', 'Ut recusandae error delectus sint. Ex sit nesciunt voluptas. Veritatis sed ut quae voluptates. Dolorem eos neque tempora accusamus et et aut.', 0, '2018-04-11 12:32:22', '2018-04-11 12:32:22'),
	(149, 9, 'Mariela Medhurst', 'Quia dignissimos cupiditate ut. Excepturi corrupti amet atque sunt vel eos.', 3, '2018-04-11 12:32:22', '2018-04-11 12:32:22'),
	(150, 32, 'Vergie Daniel I', 'Alias eveniet officia quidem sapiente atque suscipit vel omnis. Velit vero mollitia ipsam id est voluptatem. Voluptates esse consequatur vel aut qui est voluptas aliquid.', 3, '2018-04-11 12:32:22', '2018-04-11 12:32:22'),
	(151, 39, 'Elyse Aufderhar', 'Earum porro perferendis harum occaecati porro. Omnis accusamus et labore nulla commodi. Reprehenderit nisi rerum aut excepturi tempore.', 0, '2018-04-11 12:32:22', '2018-04-11 12:32:22'),
	(152, 7, 'Jeff Waelchi', 'Fugit cupiditate qui possimus facere ut consequatur. Officia voluptas aliquid asperiores et rerum expedita pariatur. Temporibus omnis ut voluptatibus praesentium animi dolores. Qui voluptatem quo expedita cupiditate. Maxime nihil quo ipsa voluptates animi natus dolores.', 1, '2018-04-11 12:32:22', '2018-04-11 12:32:22'),
	(153, 99, 'Keanu Cole', 'Numquam officiis nulla voluptas ipsa. Quia in quia est temporibus dolorem quia. Sed accusantium molestiae vel explicabo nemo vel sequi. Aliquam libero hic doloremque.', 3, '2018-04-11 12:32:22', '2018-04-11 12:32:22'),
	(154, 39, 'Prof. Mason Goyette DDS', 'Voluptatem qui esse voluptas asperiores quibusdam. Nihil dolor voluptates voluptatem consectetur nam eum repellat officia. Fugit excepturi rerum est.', 2, '2018-04-11 12:32:22', '2018-04-11 12:32:22'),
	(155, 51, 'Quinn Feil', 'Tempora enim voluptas doloremque et a autem. Totam consectetur quisquam recusandae perspiciatis. Aut repellendus aut ipsa magni voluptatum. Rerum veritatis iste nulla aut perspiciatis ex id eaque.', 1, '2018-04-11 12:32:22', '2018-04-11 12:32:22'),
	(156, 8, 'Adalberto Fay', 'Aut repellat sapiente nam fuga. Distinctio magni quisquam sapiente suscipit doloribus doloremque cupiditate. Dolor placeat eaque alias doloribus. Quis veniam quia rem ut quasi.', 2, '2018-04-11 12:32:22', '2018-04-11 12:32:22'),
	(157, 50, 'Georgette Rohan II', 'Facilis qui earum repudiandae. Autem sunt quibusdam cum et sapiente. Blanditiis enim asperiores qui voluptates nulla ut. Et totam velit nam quo.', 0, '2018-04-11 12:32:22', '2018-04-11 12:32:22'),
	(158, 84, 'Jazmyn Huel', 'Temporibus cum aspernatur aut odit quis vel facere. Quis asperiores omnis eveniet pariatur minima ducimus. Aliquid et totam quae sit est occaecati eaque.', 0, '2018-04-11 12:32:22', '2018-04-11 12:32:22'),
	(159, 44, 'Evans Ullrich', 'In nihil sapiente ratione qui amet architecto. Voluptatum sed sequi molestiae odio iste ut qui. Et ullam ab voluptas voluptas id dicta quia id.', 1, '2018-04-11 12:32:22', '2018-04-11 12:32:22'),
	(160, 86, 'Mr. Garrison Eichmann MD', 'Laborum exercitationem sit cupiditate iure rerum perspiciatis. Deleniti eos quae quis quisquam voluptatem. Voluptatem ut distinctio ipsa earum qui et atque. Qui illum aut et est.', 3, '2018-04-11 12:32:22', '2018-04-11 12:32:22'),
	(161, 70, 'Alfreda Mann', 'Odit vero cum nihil velit omnis asperiores aspernatur praesentium. Autem maiores unde in quos. Vitae aliquam voluptatem blanditiis aut quae distinctio id.', 4, '2018-04-11 12:32:22', '2018-04-11 12:32:22'),
	(162, 47, 'Lulu Feeney DVM', 'Nulla perspiciatis ducimus est qui fuga omnis et. Quia et dolorum rem tenetur sed quaerat maiores. Totam est earum ab.', 4, '2018-04-11 12:32:22', '2018-04-11 12:32:22'),
	(163, 25, 'Hugh Moore PhD', 'Dolorum quibusdam optio quod reprehenderit laboriosam enim. Dolor nihil sit explicabo blanditiis qui ut. Eos velit sunt sit accusamus at saepe. Omnis repellendus non consectetur et. Esse error voluptas deserunt consectetur distinctio.', 5, '2018-04-11 12:32:22', '2018-04-11 12:32:22'),
	(164, 39, 'Sabrina Dare', 'Assumenda temporibus porro exercitationem et autem qui. Non repellendus dolorem iure dolorem natus aut. Praesentium voluptatem ducimus dignissimos expedita non reprehenderit molestiae qui. Vel nesciunt aperiam est sed nemo ipsam sunt qui.', 5, '2018-04-11 12:32:22', '2018-04-11 12:32:22'),
	(165, 61, 'Margie Treutel', 'Nesciunt quia veniam beatae eligendi voluptas veritatis aut. Vero odit reprehenderit totam molestiae nisi libero sunt maxime. Eos et culpa possimus ullam deleniti laboriosam.', 3, '2018-04-11 12:32:22', '2018-04-11 12:32:22'),
	(166, 59, 'Willow Keeling', 'Vitae eius fugit iste quia consequuntur ullam consectetur. Velit sint amet consequuntur totam. Quos praesentium natus minus quis aliquam libero libero ipsam. Laudantium aut facere aspernatur nulla.', 0, '2018-04-11 12:32:22', '2018-04-11 12:32:22'),
	(167, 4, 'Gerhard Corwin', 'Sapiente est culpa est amet aut dolor mollitia. Delectus qui aspernatur aspernatur voluptas. Nihil error eum aut harum.', 3, '2018-04-11 12:32:22', '2018-04-11 12:32:22'),
	(168, 69, 'Laurence Cole', 'Sequi et odit nam voluptatem tenetur nam. Consequatur voluptatem atque excepturi at. Et odit at ducimus soluta. Culpa quia quidem repellat id minus voluptas quasi.', 3, '2018-04-11 12:32:22', '2018-04-11 12:32:22'),
	(169, 29, 'Miss Santina Gleichner III', 'Rerum quia esse sunt expedita. Perferendis doloribus tempore doloribus ut magnam et. Qui dignissimos tempore veniam fugit illo unde tenetur.', 0, '2018-04-11 12:32:22', '2018-04-11 12:32:22'),
	(170, 52, 'Kathleen Kub', 'Accusamus quidem voluptate sed nesciunt. Adipisci doloremque voluptas sequi aut aut ducimus ratione. Eaque eveniet autem consequuntur consequatur. Velit aut sed et saepe. Ut quibusdam ipsa non et dolor.', 3, '2018-04-11 12:32:22', '2018-04-11 12:32:22'),
	(171, 28, 'Dr. Hettie Anderson V', 'Quia earum sint est quia dignissimos consequatur sit consequuntur. Quia dolorem accusantium labore. Quia voluptatibus cum fuga dolor rem fuga minima. Velit molestias similique rem aut sint dignissimos omnis.', 4, '2018-04-11 12:32:22', '2018-04-11 12:32:22'),
	(172, 53, 'Quinten Witting', 'Nihil adipisci a voluptatem et in ipsa labore. Deserunt vel aut perferendis suscipit id quia libero. Ex nisi eum molestiae nihil numquam voluptatem consequatur. Non fugiat occaecati eaque unde nihil beatae provident.', 0, '2018-04-11 12:32:22', '2018-04-11 12:32:22'),
	(173, 38, 'Antwan Skiles', 'Perferendis labore sit iusto. Iure maiores possimus aut excepturi sint nobis ea. Cumque animi consequuntur exercitationem facere in. Dolor ducimus ea et repellendus.', 5, '2018-04-11 12:32:22', '2018-04-11 12:32:22'),
	(174, 48, 'Ezekiel Feil', 'Ab quia aut est autem dolore. Corrupti est nemo enim doloribus. Fugit enim autem facere ut maiores impedit placeat officia. Eum earum voluptatem assumenda aliquam enim rerum.', 3, '2018-04-11 12:32:22', '2018-04-11 12:32:22'),
	(175, 17, 'Molly Johnston', 'Nam quia aliquam sed. Totam deleniti deserunt qui rerum. Ut consequuntur est et ut dolore.', 1, '2018-04-11 12:32:22', '2018-04-11 12:32:22'),
	(176, 27, 'Karine Herman I', 'Magnam cupiditate quis sed iste quasi fugit occaecati. Rerum id natus eligendi dolorem velit nihil rerum eaque. Incidunt ex omnis omnis voluptate vel omnis ex. Omnis aut natus facere et dolor amet repellat est.', 0, '2018-04-11 12:32:22', '2018-04-11 12:32:22'),
	(177, 75, 'Jessica Waelchi V', 'Perferendis est et rem sequi numquam sunt. Temporibus neque consequatur et veritatis aut et. Culpa quod velit iure voluptatem assumenda praesentium velit. Quae aliquam ullam dolores quidem sed.', 2, '2018-04-11 12:32:22', '2018-04-11 12:32:22'),
	(178, 71, 'Columbus Mertz', 'Ab repellat adipisci modi error sint dicta. Esse et dignissimos porro maiores dicta inventore numquam. Optio soluta aut non impedit et sit repellendus. Nostrum voluptatum magnam quasi voluptas rem.', 4, '2018-04-11 12:32:22', '2018-04-11 12:32:22'),
	(179, 28, 'Deanna Price', 'Molestiae beatae eveniet labore exercitationem voluptatem velit. Veniam et eveniet libero et doloribus maxime debitis quod. Nostrum voluptatem nisi rem voluptates voluptatum commodi. Nobis in dignissimos qui rerum quis modi praesentium.', 3, '2018-04-11 12:32:22', '2018-04-11 12:32:22'),
	(180, 5, 'Dr. Eldon Rau', 'Quaerat possimus quis perspiciatis. Praesentium consectetur et rerum ut quis qui quidem. Qui ut natus enim. Nesciunt quia consectetur omnis beatae quaerat totam et.', 0, '2018-04-11 12:32:22', '2018-04-11 12:32:22'),
	(181, 25, 'Dr. Therese Tremblay', 'Excepturi quisquam voluptates ut nesciunt natus voluptas. Odio ab inventore id quam sed tenetur voluptatem. Numquam accusamus dolore eligendi. Ipsum officiis quam omnis reprehenderit cumque ut totam autem.', 0, '2018-04-11 12:32:22', '2018-04-11 12:32:22'),
	(182, 32, 'Karolann Hessel', 'Quam quod quae quis ea et et illo. Natus ut facilis omnis ex iusto. Tenetur sit dolore et natus non velit.', 5, '2018-04-11 12:32:22', '2018-04-11 12:32:22'),
	(183, 15, 'Raphaelle Baumbach Jr.', 'Nihil inventore accusantium ut harum asperiores voluptatibus voluptas. Tempore quisquam omnis sit in. Dolor perspiciatis officiis et similique eveniet deleniti.', 5, '2018-04-11 12:32:23', '2018-04-11 12:32:23'),
	(184, 30, 'Narciso Stanton I', 'Est voluptatum sapiente et placeat minima est sint. Omnis placeat at voluptate. Ut ut dolores est ut aperiam eveniet aut.', 3, '2018-04-11 12:32:23', '2018-04-11 12:32:23'),
	(185, 87, 'Mr. Garfield Marks II', 'Sint et qui quis sed voluptatum fuga dolores. Id nesciunt tempore vel reiciendis tenetur. Quos aut ea ea placeat quia ea.', 4, '2018-04-11 12:32:23', '2018-04-11 12:32:23'),
	(186, 49, 'Iva Deckow', 'Perferendis sunt id quod enim eius corporis qui. Saepe ullam odit sed qui voluptatem mollitia eaque. Et quam corporis necessitatibus esse. Animi et eaque sit ut impedit error.', 0, '2018-04-11 12:32:23', '2018-04-11 12:32:23'),
	(187, 40, 'Juana Sawayn', 'Asperiores perspiciatis sint commodi accusamus exercitationem. Ut atque doloribus cupiditate quis sit rerum cumque. Tenetur voluptatem aperiam dolores non asperiores animi.', 0, '2018-04-11 12:32:23', '2018-04-11 12:32:23'),
	(188, 67, 'Dr. Carlotta Blanda DDS', 'Perferendis earum sit provident velit necessitatibus et voluptatum. Ipsam nesciunt dolores est placeat. Odit corporis laudantium rerum repellat doloremque omnis. Voluptatum dolorem est eum voluptatem perspiciatis rerum.', 0, '2018-04-11 12:32:23', '2018-04-11 12:32:23'),
	(189, 94, 'Miss Judy Nicolas', 'Corrupti voluptatem earum aut quis quaerat et. Est quas dolores quo iure beatae ipsum recusandae. Rem voluptatem dolorem eos voluptatum autem.', 1, '2018-04-11 12:32:23', '2018-04-11 12:32:23'),
	(190, 8, 'Ella Lesch', 'Harum animi earum assumenda sapiente cum. Qui laboriosam ex sit corrupti. Officia odio ullam in.', 1, '2018-04-11 12:32:23', '2018-04-11 12:32:23'),
	(191, 64, 'Clint Thiel', 'Quia est inventore quisquam quaerat amet doloremque. Optio et dolorem voluptatem sit. Itaque aut labore voluptatem cumque molestiae ut non.', 2, '2018-04-11 12:32:23', '2018-04-11 12:32:23'),
	(192, 18, 'Mckenzie Braun', 'Blanditiis et et odio accusamus error et veritatis. Blanditiis veniam voluptatem placeat laboriosam. Esse magni minus dolor iste eius laboriosam.', 3, '2018-04-11 12:32:23', '2018-04-11 12:32:23'),
	(193, 21, 'Mario Graham Sr.', 'Repudiandae ea veritatis odit nihil omnis quo. Natus quis nostrum eum quae perspiciatis. Provident voluptatem asperiores eos dolores quis non rem.', 0, '2018-04-11 12:32:23', '2018-04-11 12:32:23'),
	(194, 54, 'Prof. Justice Grimes', 'Neque quia quidem aut quia cupiditate. Adipisci explicabo voluptate qui quae quas qui aut aliquam. Laborum qui minus qui quae nostrum. Commodi aut et blanditiis molestias accusantium ipsum et porro. Doloribus ut nisi rem qui eum distinctio.', 0, '2018-04-11 12:32:23', '2018-04-11 12:32:23'),
	(195, 85, 'Harmony Gaylord', 'Veritatis unde aut cupiditate quia excepturi qui dicta. Ex voluptatem quos sed ut necessitatibus. Illum sunt occaecati harum dolorum. Officia deleniti et voluptas sit.', 2, '2018-04-11 12:32:23', '2018-04-11 12:32:23'),
	(196, 70, 'Mrs. Alexandra Renner PhD', 'Qui sit eveniet et eum voluptas. Itaque ex commodi veritatis qui aut est.', 3, '2018-04-11 12:32:23', '2018-04-11 12:32:23'),
	(197, 24, 'Kaela Mertz DDS', 'Aut ducimus adipisci consequatur delectus aliquid dolores. Odio et quo illo quia rerum. Molestiae ut quas maxime voluptas consequatur excepturi omnis.', 1, '2018-04-11 12:32:23', '2018-04-11 12:32:23'),
	(198, 86, 'Walker Kohler', 'Totam nihil magni consequatur accusamus. Ipsa incidunt impedit sint aut itaque temporibus excepturi. Inventore rerum repellendus nobis qui. Aut iure sed suscipit et.', 0, '2018-04-11 12:32:23', '2018-04-11 12:32:23'),
	(199, 38, 'Layla Cummerata PhD', 'Et nobis explicabo porro voluptas ut. Eius iste blanditiis aut dolorum neque delectus. Nostrum quis cupiditate assumenda aut esse officia.', 2, '2018-04-11 12:32:23', '2018-04-11 12:32:23'),
	(200, 15, 'Tillman Cormier', 'Aut et alias aliquid sed illo qui perferendis labore. Quia ut et repellendus error. Debitis vitae ex facere et optio sequi aut. Libero perferendis provident consequuntur itaque.', 5, '2018-04-11 12:32:23', '2018-04-11 12:32:23'),
	(201, 13, 'Alvera Auer', 'Possimus excepturi earum sequi accusamus quaerat totam. Qui nemo ab sit labore laboriosam dolorum ut.', 1, '2018-04-11 12:32:23', '2018-04-11 12:32:23'),
	(202, 4, 'Jarod Crooks', 'Dicta nesciunt sit nisi quia quia aspernatur rerum. Porro amet earum sequi quia. Expedita nihil fugiat distinctio error. Totam voluptas est hic eos officiis.', 2, '2018-04-11 12:32:23', '2018-04-11 12:32:23'),
	(203, 100, 'Jonas Abbott', 'Distinctio nihil amet corrupti perspiciatis eum dicta eaque. Expedita sapiente nesciunt optio expedita libero. Quod autem voluptatem porro eos.', 4, '2018-04-11 12:32:23', '2018-04-11 12:32:23'),
	(204, 18, 'Jeanette Konopelski DDS', 'Corrupti laborum fugiat dolores. Cum voluptatem enim ut et. Perferendis sunt vero autem repellendus consequatur ipsum esse est.', 2, '2018-04-11 12:32:23', '2018-04-11 12:32:23'),
	(205, 62, 'Dr. Richmond Nader Sr.', 'Eum harum enim rerum molestiae aut. Est voluptates aut id molestiae ut et doloribus. Fugiat ut earum sunt quam consectetur quo similique.', 2, '2018-04-11 12:32:23', '2018-04-11 12:32:23'),
	(206, 65, 'Nicholas Tillman', 'Exercitationem unde est tenetur autem voluptatem enim quos vero. Rerum nam quia excepturi quaerat harum sed. Distinctio dolor pariatur aut blanditiis tempore. Ipsa aliquid doloribus perspiciatis suscipit sunt culpa tempore et. Et ipsam nulla dolor iste nobis sit fugit eos.', 4, '2018-04-11 12:32:23', '2018-04-11 12:32:23'),
	(207, 41, 'Jacky Homenick I', 'Optio cupiditate cupiditate alias inventore. Et consectetur repellendus facilis aut quis nesciunt eos. Omnis nisi et qui quia est. Dolorum modi quae inventore soluta.', 4, '2018-04-11 12:32:23', '2018-04-11 12:32:23'),
	(208, 28, 'Griffin Hayes Sr.', 'Error est corrupti delectus ut. Quia voluptatem quis necessitatibus magni aliquam facilis amet.', 2, '2018-04-11 12:32:23', '2018-04-11 12:32:23'),
	(209, 8, 'Prof. Ernie Murphy', 'Modi quos atque voluptatem. Officia omnis corporis voluptates aut facere. Qui ut earum necessitatibus aliquam dolorum veritatis.', 5, '2018-04-11 12:32:23', '2018-04-11 12:32:23'),
	(210, 38, 'Cielo Farrell DDS', 'Non temporibus reprehenderit excepturi ab quia et quisquam. Sit fugit consequatur vel consequuntur. In voluptatum distinctio fugiat dignissimos et. Maiores quia voluptatem sed eaque esse.', 5, '2018-04-11 12:32:23', '2018-04-11 12:32:23'),
	(211, 14, 'Karli Tromp Sr.', 'Rerum ipsam vero et optio ullam voluptates incidunt. Et sint ea et. Unde velit fuga corporis voluptas aut.', 3, '2018-04-11 12:32:23', '2018-04-11 12:32:23'),
	(212, 64, 'Gene Wyman', 'Iure et error repellat sint consectetur velit. Ducimus blanditiis minus at ea. Vitae aut ad quam.', 3, '2018-04-11 12:32:23', '2018-04-11 12:32:23'),
	(213, 84, 'Elmore Welch', 'Odit sunt voluptas est odit reprehenderit. Dolor sapiente esse rerum tempora quidem. Veritatis fuga dolorem saepe placeat quae. Quia rerum eos modi a sit.', 1, '2018-04-11 12:32:23', '2018-04-11 12:32:23'),
	(214, 33, 'Lilly Mraz', 'Consequatur aut natus dolores sed a et quis dolor. Earum sit cum nihil voluptatem cumque. Possimus veritatis cumque fugiat magni aut magnam. Aut dolor et tempore debitis minima.', 0, '2018-04-11 12:32:23', '2018-04-11 12:32:23'),
	(215, 22, 'Dr. Amelia Gerhold', 'Est quibusdam necessitatibus eaque perferendis. Sunt ullam et facere libero. Consequuntur qui quisquam facere vero porro quaerat.', 2, '2018-04-11 12:32:23', '2018-04-11 12:32:23'),
	(216, 65, 'Preston Krajcik', 'Voluptas eveniet aliquid quis delectus. Sed eum perferendis omnis quia doloribus ut fugit.', 4, '2018-04-11 12:32:23', '2018-04-11 12:32:23'),
	(217, 50, 'Moises Marquardt', 'Exercitationem consequatur minima assumenda vel quia numquam soluta dolorum. Corporis rerum est in unde et in quae.', 5, '2018-04-11 12:32:23', '2018-04-11 12:32:23'),
	(218, 27, 'Wilton Hackett', 'Consequatur modi voluptas illum fuga placeat et. Corporis fugiat et voluptatem aspernatur.', 1, '2018-04-11 12:32:23', '2018-04-11 12:32:23'),
	(219, 31, 'Dr. Rhoda Kuvalis', 'Perspiciatis exercitationem qui delectus id. Eaque ad molestiae vel saepe facere. Quia atque iure et odit molestiae consequatur nihil. Magni ut praesentium dolor dolorum nostrum id rerum.', 3, '2018-04-11 12:32:23', '2018-04-11 12:32:23'),
	(220, 26, 'Abdullah Kertzmann II', 'Mollitia tenetur vitae reiciendis et laudantium saepe ea. Mollitia quas eum vel velit et dolorem quidem. Molestiae consequatur quia quaerat quae. Voluptatem sint autem itaque cumque.', 4, '2018-04-11 12:32:23', '2018-04-11 12:32:23'),
	(221, 71, 'Jermey Tillman', 'Iste non exercitationem saepe est doloremque. Vitae repellat adipisci commodi omnis incidunt harum voluptatibus. Hic dolor ab omnis provident id in saepe. Voluptatem aut voluptatum reiciendis.', 0, '2018-04-11 12:32:23', '2018-04-11 12:32:23'),
	(222, 17, 'Geraldine Thompson', 'Rerum aliquam temporibus est fugiat consequatur. Quisquam necessitatibus eveniet consectetur libero voluptatem dolorem. Enim nesciunt quia totam eos.', 5, '2018-04-11 12:32:23', '2018-04-11 12:32:23'),
	(223, 40, 'Sherwood Lehner', 'Rem expedita omnis unde pariatur voluptatem consequatur saepe iure. Sunt quod non et. Qui ea doloremque fugit. Aperiam beatae eum tenetur omnis labore nobis.', 5, '2018-04-11 12:32:23', '2018-04-11 12:32:23'),
	(224, 76, 'Maximillia Mosciski V', 'Doloribus blanditiis et quia vitae. Quidem rerum voluptatem quaerat voluptas quis. Enim mollitia sed enim voluptatem quia. Dolores quis et ipsa voluptatem.', 3, '2018-04-11 12:32:23', '2018-04-11 12:32:23'),
	(225, 79, 'Eldon Flatley', 'Corporis voluptatum dolorum in sint. Quo deserunt sunt laudantium quis possimus ipsum. Autem eum quia deleniti rerum molestiae maiores omnis. Similique perspiciatis repellat quia sit.', 5, '2018-04-11 12:32:23', '2018-04-11 12:32:23'),
	(226, 70, 'Claudia Medhurst', 'Reiciendis voluptate aut eum. Odit dolor dolorum exercitationem eos. Beatae eos tempore qui cumque nobis suscipit culpa. Aut et asperiores provident voluptatem quam temporibus adipisci. Consequuntur quo delectus necessitatibus eveniet ipsum perferendis.', 1, '2018-04-11 12:32:24', '2018-04-11 12:32:24'),
	(227, 30, 'Hermina Bartell', 'Consequatur magni qui omnis consequuntur quasi sit. Nam officiis odio quisquam possimus sint aut. Incidunt beatae minima id ipsam molestiae. Rem illum ut animi placeat.', 1, '2018-04-11 12:32:24', '2018-04-11 12:32:24'),
	(228, 79, 'Joannie Feest IV', 'Eum at quod reiciendis eveniet atque alias illum. Aperiam quaerat nulla libero quod maiores dolorem esse. Similique rerum sapiente iure libero libero ea.', 1, '2018-04-11 12:32:24', '2018-04-11 12:32:24'),
	(229, 32, 'Yolanda Wilderman MD', 'Iusto voluptatem cupiditate nobis consequatur. Temporibus voluptas unde dolorem cupiditate ducimus deserunt. Dicta nesciunt sunt quos ipsa a enim rerum maiores.', 1, '2018-04-11 12:32:24', '2018-04-11 12:32:24'),
	(230, 46, 'Percival McDermott', 'Voluptatem reprehenderit deserunt voluptatem aperiam voluptates voluptates fuga molestias. Enim qui fugiat nobis modi et. Quas quis quia nostrum id odit provident distinctio sunt.', 0, '2018-04-11 12:32:24', '2018-04-11 12:32:24'),
	(231, 17, 'Madelynn Hahn', 'Sed perspiciatis adipisci nihil architecto fuga voluptatum quae. Velit cumque ipsam nemo laudantium rem optio nam beatae. At labore ex ipsam eos nulla.', 5, '2018-04-11 12:32:24', '2018-04-11 12:32:24'),
	(232, 84, 'Tanya Pagac V', 'Quod consequatur omnis sed consectetur aliquid omnis. Omnis perferendis aliquid excepturi sunt ducimus iusto amet asperiores. Ut maxime saepe repellat sed.', 0, '2018-04-11 12:32:24', '2018-04-11 12:32:24'),
	(233, 38, 'Chet Hilll', 'Tempora accusantium dolores sequi et quaerat. Qui reiciendis dignissimos et illo nostrum ipsam et. Repellendus deserunt architecto laudantium pariatur exercitationem sequi. Voluptas quaerat consectetur molestias.', 1, '2018-04-11 12:32:24', '2018-04-11 12:32:24'),
	(234, 6, 'Cayla Glover', 'Ut sed quibusdam doloribus quia. Praesentium quam cupiditate consequuntur odio. Accusamus voluptatem magni enim autem nesciunt voluptatem magnam maxime. Eum ab error asperiores. Eum corrupti mollitia doloremque explicabo.', 5, '2018-04-11 12:32:24', '2018-04-11 12:32:24'),
	(235, 26, 'Prof. Jovani Kuhic', 'Ut maiores vero neque aut fugit officia facere. Soluta distinctio qui mollitia. Quia deserunt est nobis et officiis enim non ut. Autem sed dicta vero maxime illo ut est.', 5, '2018-04-11 12:32:24', '2018-04-11 12:32:24'),
	(236, 19, 'General Torphy', 'Iusto aliquam exercitationem cumque qui dolorum ut. Libero eos quasi dolores quod non vel et. Rerum voluptatem doloribus inventore perferendis sed. At iusto aut voluptatum commodi ratione.', 5, '2018-04-11 12:32:24', '2018-04-11 12:32:24'),
	(237, 54, 'River Upton', 'Sed ipsa ea voluptatem quibusdam neque et. Sit aut commodi et id ut labore. Odio praesentium atque non doloribus iure voluptatem. Saepe esse velit voluptatem debitis explicabo ipsa.', 0, '2018-04-11 12:32:24', '2018-04-11 12:32:24'),
	(238, 97, 'Nella Cartwright', 'Odit soluta id quia sit. Itaque id inventore quam dolore dolorum. Veritatis rem quam esse. Hic molestiae eveniet accusantium blanditiis enim sint sit. Distinctio in eligendi est accusantium voluptatum sit maxime.', 4, '2018-04-11 12:32:24', '2018-04-11 12:32:24'),
	(239, 84, 'Clarissa Schmidt', 'Saepe voluptate non repellendus soluta. Rerum rem debitis labore exercitationem illum. Et aperiam occaecati quis et voluptatum quis ut ut. Sapiente et eaque corporis molestiae cum ea impedit.', 2, '2018-04-11 12:32:24', '2018-04-11 12:32:24'),
	(240, 96, 'Edwina Senger', 'Nam odio non minima ratione. Impedit sed sunt dolore aut unde minus ex. Nemo repudiandae quia sed repudiandae sunt. Quo repudiandae sequi tempore ea.', 4, '2018-04-11 12:32:24', '2018-04-11 12:32:24'),
	(241, 51, 'Mariela Lowe', 'Odit voluptas corrupti ut. Occaecati facilis eius est qui.', 2, '2018-04-11 12:32:24', '2018-04-11 12:32:24'),
	(242, 21, 'Manuel Predovic Sr.', 'Aut assumenda ipsa officia assumenda ipsam fugit. Nihil aut ipsum occaecati aut rem. Animi numquam dignissimos voluptatem laudantium nam animi ullam.', 2, '2018-04-11 12:32:24', '2018-04-11 12:32:24'),
	(243, 84, 'Lilly Dach', 'Aperiam necessitatibus atque voluptatum delectus nobis fugiat aut. Vel ipsa laborum et quis omnis. Aliquid qui ullam numquam eos quisquam doloribus.', 5, '2018-04-11 12:32:24', '2018-04-11 12:32:24'),
	(244, 53, 'Gregory Reichert IV', 'Deleniti cum sit est libero ducimus quidem sed. Soluta illo iusto aut nemo molestias tempore sit pariatur. Debitis maiores perspiciatis consequuntur aut.', 0, '2018-04-11 12:32:24', '2018-04-11 12:32:24'),
	(245, 21, 'Delmer Kassulke', 'Et nesciunt architecto aperiam labore dolores. Et fugiat consequatur sed modi. Quas libero occaecati dolorum cum. Amet voluptas sequi consequatur vero.', 3, '2018-04-11 12:32:24', '2018-04-11 12:32:24'),
	(246, 89, 'Terrance Cummings', 'Maiores mollitia et voluptas quia quae sint. Sed sapiente officiis est et. Cupiditate tenetur possimus et facilis maiores. Et in soluta doloremque eligendi soluta rerum.', 0, '2018-04-11 12:32:24', '2018-04-11 12:32:24'),
	(247, 14, 'Mr. Howard Wisoky', 'Nesciunt laborum nobis mollitia aut quidem rerum. Atque iste nulla optio provident enim assumenda. Assumenda perspiciatis adipisci libero animi alias. Enim illum asperiores iste earum sit distinctio et labore.', 3, '2018-04-11 12:32:24', '2018-04-11 12:32:24'),
	(248, 9, 'Blanca Reinger MD', 'Necessitatibus blanditiis cupiditate molestiae adipisci. Eligendi odit omnis laborum commodi aut. Libero est velit voluptatem minima. Numquam voluptate quasi et delectus.', 5, '2018-04-11 12:32:24', '2018-04-11 12:32:24'),
	(249, 80, 'Belle Moore III', 'Et vitae odio quo quam. Quae ducimus possimus non saepe qui atque. Qui non deserunt occaecati nesciunt excepturi laborum. Ea occaecati quia non velit dolor. Omnis odio delectus magnam unde vel ut magni.', 2, '2018-04-11 12:32:24', '2018-04-11 12:32:24'),
	(250, 98, 'Alessandro Kris', 'Est recusandae fugiat et et ut pariatur voluptatem qui. Molestiae tempora harum consectetur voluptas.', 1, '2018-04-11 12:32:24', '2018-04-11 12:32:24'),
	(251, 90, 'Lura Tillman DVM', 'Assumenda sit tempora et est rerum consequuntur et. Soluta molestiae a error unde temporibus aut quis. Et eveniet rerum non vel.', 5, '2018-04-11 12:32:24', '2018-04-11 12:32:24'),
	(252, 68, 'Keyshawn Moen', 'Nostrum deleniti consequuntur est doloremque voluptatem alias consequatur. Sint illo ullam animi. Consequuntur quia rerum facilis odit velit.', 3, '2018-04-11 12:32:24', '2018-04-11 12:32:24'),
	(253, 98, 'Dr. Ryan Jenkins', 'Iure voluptatem ratione accusamus ut provident dicta nam. Quidem et qui sapiente ea ea corrupti sit. Deserunt voluptatem suscipit libero aspernatur.', 5, '2018-04-11 12:32:24', '2018-04-11 12:32:24'),
	(254, 7, 'Dr. Diamond Ernser', 'Laboriosam ducimus quas corporis autem eum id porro aut. Iste ut dolores hic debitis velit sunt. A porro eligendi commodi molestiae.', 3, '2018-04-11 12:32:24', '2018-04-11 12:32:24'),
	(255, 21, 'Mrs. Althea Lehner', 'Vero nihil tempore dolor laudantium. Ut doloremque recusandae enim qui aut impedit praesentium.', 3, '2018-04-11 12:32:24', '2018-04-11 12:32:24'),
	(256, 20, 'Israel Little', 'Et voluptatem impedit officiis provident vel harum reprehenderit. Repudiandae eos quod in perspiciatis. Rerum officia suscipit fugit suscipit itaque esse et. Nostrum dolor ut quam doloribus earum.', 2, '2018-04-11 12:32:24', '2018-04-11 12:32:24'),
	(257, 67, 'Jordi Breitenberg V', 'Fuga facere autem fugiat voluptatem at. Qui officiis inventore fuga maiores. Sit quidem unde temporibus quia.', 4, '2018-04-11 12:32:24', '2018-04-11 12:32:24'),
	(258, 89, 'Prof. Chanel Ernser', 'Distinctio aut enim vero totam ab debitis quas. Vel sed assumenda et. Beatae eos minus pariatur sit quae. Nisi earum consequatur inventore aut qui.', 3, '2018-04-11 12:32:24', '2018-04-11 12:32:24'),
	(259, 70, 'Yazmin Walter', 'Alias dolorum enim temporibus voluptatem et rerum. Eum id eum commodi consequatur molestiae tempora pariatur vel. Veritatis a et reiciendis accusamus. Vel sint eos dicta quo a aut porro.', 1, '2018-04-11 12:32:24', '2018-04-11 12:32:24'),
	(260, 25, 'Paris Kshlerin', 'Animi dolor corporis mollitia fugiat dolor quia consequatur quasi. Est dolor odio omnis nemo. Quos non non omnis possimus maxime vero.', 4, '2018-04-11 12:32:24', '2018-04-11 12:32:24'),
	(261, 76, 'Marisa Kub', 'Saepe soluta aperiam qui sint. Quia repudiandae neque velit cupiditate nostrum quia ut. Consectetur et minima ut eveniet. Quo minima ipsam laboriosam sunt quisquam accusantium facilis. Consequuntur aut nihil ut et architecto nostrum sed.', 1, '2018-04-11 12:32:24', '2018-04-11 12:32:24'),
	(262, 12, 'Elna Heaney', 'Quia praesentium eum ut consequuntur praesentium dolores porro explicabo. Totam eum dolor a rerum nihil. Numquam tenetur occaecati dignissimos nemo qui. Quos porro voluptas nemo quia error et distinctio. Laborum ut quo quas quis eveniet et earum.', 2, '2018-04-11 12:32:24', '2018-04-11 12:32:24'),
	(263, 97, 'Helga Champlin', 'Explicabo ea doloremque quis iste. Asperiores architecto sit exercitationem maxime. Nulla aut id ipsam praesentium porro temporibus.', 3, '2018-04-11 12:32:24', '2018-04-11 12:32:24'),
	(264, 59, 'Florencio Powlowski', 'Sit iusto perspiciatis occaecati et et aut. Sint fugit necessitatibus et delectus laborum consequuntur deleniti consequuntur. Natus sit eaque sed est voluptas ipsa quis. Eaque qui dolore sint provident.', 0, '2018-04-11 12:32:24', '2018-04-11 12:32:24'),
	(265, 64, 'Narciso Rice', 'Nesciunt harum qui ut possimus rerum sit. Ratione nemo fugiat error neque. Ut soluta reiciendis sint sint et.', 5, '2018-04-11 12:32:24', '2018-04-11 12:32:24'),
	(266, 66, 'Mr. Kiel Gorczany DDS', 'Architecto autem culpa odio laboriosam unde vel quas. Quisquam qui adipisci minus rem nemo aspernatur ducimus culpa. Iusto non totam omnis aut amet in qui.', 1, '2018-04-11 12:32:24', '2018-04-11 12:32:24'),
	(267, 58, 'Jamir Keeling PhD', 'Accusantium voluptatem laudantium eos dolores. Non possimus est aut libero aut ut omnis. Natus reprehenderit omnis vitae fugit atque rerum. Voluptas tempore quia aut ratione vel.', 4, '2018-04-11 12:32:24', '2018-04-11 12:32:24'),
	(268, 48, 'Annabelle O\'Keefe MD', 'Amet aut nihil nulla aut et et. Neque repudiandae ad minima qui accusantium. Est tempore et quia aperiam qui voluptates hic.', 2, '2018-04-11 12:32:24', '2018-04-11 12:32:24'),
	(269, 81, 'Vicente Flatley PhD', 'Ipsam ad in eos inventore nesciunt quae. Omnis architecto vero optio. Provident quidem et laborum placeat rem ut. Sapiente tenetur reiciendis qui sunt asperiores corrupti.', 4, '2018-04-11 12:32:24', '2018-04-11 12:32:24'),
	(270, 37, 'Sadye Cummings', 'Asperiores repellat rerum sed voluptatem alias qui. Dolor sunt ea aut porro dolorem quia voluptatibus. Sit corrupti amet quo laborum voluptatem. Dolore hic vero necessitatibus hic dolorem odit qui.', 1, '2018-04-11 12:32:25', '2018-04-11 12:32:25'),
	(271, 15, 'Mr. Milton Pollich DDS', 'Aut qui aut vero nihil unde sunt ducimus optio. Ex nemo nobis est ipsum explicabo qui voluptatem. Qui et porro ut error eligendi voluptas expedita est. Mollitia odio velit nostrum facilis et accusamus et rem.', 0, '2018-04-11 12:32:25', '2018-04-11 12:32:25'),
	(272, 88, 'Miss Etha Boyle', 'Quia adipisci nostrum ut cupiditate et temporibus. Ab quisquam officiis quidem suscipit mollitia officiis aut. Eaque id quo nihil aut qui quis. Eius temporibus voluptatem excepturi perspiciatis ut laboriosam.', 4, '2018-04-11 12:32:25', '2018-04-11 12:32:25'),
	(273, 50, 'Kenya Sanford DDS', 'Nulla hic rerum facere officia qui. Explicabo minima omnis voluptatem et. Iusto nesciunt accusantium dicta similique. Corporis consequatur ullam voluptates tenetur laboriosam.', 3, '2018-04-11 12:32:25', '2018-04-11 12:32:25'),
	(274, 53, 'Mrs. Loren Hartmann', 'Non architecto dolores animi doloribus nemo mollitia enim. Culpa assumenda doloremque aut aliquid beatae ut.', 4, '2018-04-11 12:32:25', '2018-04-11 12:32:25'),
	(275, 77, 'Koby Mayer', 'Et repellat ab voluptas rerum ab inventore ab. Fuga aut eius voluptas. Qui minima dicta sequi et. Quae quia harum dolor. Molestiae rerum quo at magni et.', 5, '2018-04-11 12:32:25', '2018-04-11 12:32:25'),
	(276, 74, 'Collin Wyman', 'Dolor sunt commodi qui aut aspernatur ipsum. Saepe quisquam reprehenderit quod similique culpa. Accusantium corrupti magni explicabo molestias maiores.', 1, '2018-04-11 12:32:25', '2018-04-11 12:32:25'),
	(277, 6, 'Odell Emmerich', 'Consequatur assumenda quibusdam voluptatem tempore delectus ut voluptas velit. Qui enim libero et cupiditate mollitia fuga. Laboriosam itaque ipsum maiores repellat.', 2, '2018-04-11 12:32:25', '2018-04-11 12:32:25'),
	(278, 48, 'Rosina O\'Connell', 'Adipisci sunt fuga dolorem commodi ducimus. Et facilis cumque omnis reprehenderit. In aut pariatur perferendis beatae veniam.', 4, '2018-04-11 12:32:25', '2018-04-11 12:32:25'),
	(279, 11, 'Adele Braun IV', 'Magni alias est dolorum temporibus. Consequatur asperiores ipsam enim ut. Ipsa numquam commodi qui qui aliquam ut commodi ipsum. Et quia nostrum ipsa rem molestiae quia.', 3, '2018-04-11 12:32:25', '2018-04-11 12:32:25'),
	(280, 45, 'Reilly Hackett DVM', 'Quo assumenda repellat omnis ut corporis quis illum. Placeat debitis ut non dignissimos est voluptatibus repudiandae. Architecto molestiae quaerat qui autem minus non. Qui molestiae voluptas et aperiam ipsa amet minus iste.', 2, '2018-04-11 12:32:25', '2018-04-11 12:32:25'),
	(281, 14, 'Lydia Klein', 'Dolore voluptatibus qui cumque facilis numquam laborum. Et sint aut nam. Sed porro iste dolore ad et magnam.', 5, '2018-04-11 12:32:25', '2018-04-11 12:32:25'),
	(282, 60, 'Dr. Ford Greenholt Jr.', 'Quis corrupti saepe minus cupiditate quod corporis. Ex quae aut eius iusto rerum. Alias aperiam doloremque qui velit. Itaque voluptates non dolorem officia distinctio ullam.', 2, '2018-04-11 12:32:25', '2018-04-11 12:32:25'),
	(283, 41, 'Bret Reilly', 'Praesentium libero autem soluta in aut vitae. Sapiente numquam non hic fugit et est. Suscipit est delectus et asperiores ipsum. Porro ea repellendus magni est labore minus.', 3, '2018-04-11 12:32:25', '2018-04-11 12:32:25'),
	(284, 39, 'Hunter Luettgen', 'Labore dicta aut sit. Voluptatem voluptatem architecto nobis molestias reiciendis labore eum. Corrupti dolorum vero qui nostrum.', 3, '2018-04-11 12:32:25', '2018-04-11 12:32:25'),
	(285, 8, 'Fannie Emard', 'Doloribus molestias porro repudiandae sunt quae nihil est. Asperiores exercitationem impedit aliquam architecto est. Deserunt autem ut molestiae. Maxime incidunt iure sit aspernatur illum eaque nisi.', 3, '2018-04-11 12:32:25', '2018-04-11 12:32:25'),
	(286, 37, 'Colton Hackett', 'In quas rerum rerum rerum voluptatibus est. Quasi cumque sunt fuga magni. Dolores nisi ea qui.', 0, '2018-04-11 12:32:25', '2018-04-11 12:32:25'),
	(287, 49, 'Khalid Lang DDS', 'Doloremque enim natus non iste. Impedit quia eum quidem dolorem. Aliquid aut ipsum dolore fuga.', 2, '2018-04-11 12:32:25', '2018-04-11 12:32:25'),
	(288, 36, 'Brionna Breitenberg', 'Omnis quae quasi rerum ex sint doloremque quia. Veritatis minima culpa doloremque qui. Atque voluptate tenetur veniam aspernatur et similique.', 3, '2018-04-11 12:32:25', '2018-04-11 12:32:25'),
	(289, 68, 'Asia Connelly', 'Dolorum iusto voluptatem est fuga qui temporibus exercitationem magnam. Tenetur a neque ducimus in qui quod. Sit cumque suscipit et quam ut reiciendis sit.', 2, '2018-04-11 12:32:25', '2018-04-11 12:32:25'),
	(290, 33, 'Dr. Christelle Little', 'Dolor quasi saepe voluptas dolorem maiores. Rem commodi eius est. Dolor facilis dignissimos sint et ut. Magnam doloribus quos quia iste molestiae.', 5, '2018-04-11 12:32:25', '2018-04-11 12:32:25'),
	(291, 17, 'Lorenzo Anderson', 'Sint inventore temporibus saepe perspiciatis aliquam. Mollitia optio et et quibusdam qui hic accusamus aut. Molestias quo autem sapiente accusamus consequatur et odio vel. Laborum in quod deserunt.', 5, '2018-04-11 12:32:25', '2018-04-11 12:32:25'),
	(292, 63, 'Prof. Hilario Herman', 'Ipsa laboriosam doloremque modi ullam magni deleniti dignissimos. Officia dicta nisi repudiandae praesentium voluptatem voluptates. Aut neque quod id et et ut inventore possimus. Fuga delectus et ad voluptatem nobis pariatur.', 0, '2018-04-11 12:32:25', '2018-04-11 12:32:25'),
	(293, 53, 'Winona Beahan', 'Quod quidem qui explicabo ut. Ut animi iste sapiente autem in qui. Perspiciatis ab corrupti molestias dolor non. Voluptas et ratione a distinctio molestias. Rem repellendus aut quos consequatur et iure.', 1, '2018-04-11 12:32:25', '2018-04-11 12:32:25'),
	(294, 24, 'Ms. Sylvia Rippin Jr.', 'Tempora perspiciatis accusantium itaque aut vero qui non. Perferendis officiis nihil architecto. Aspernatur id nihil explicabo error quia iure voluptas.', 5, '2018-04-11 12:32:25', '2018-04-11 12:32:25'),
	(295, 14, 'Jodie Fritsch', 'Rerum inventore voluptatem quam quibusdam animi. Aut perferendis accusamus vitae maiores voluptatum. Velit voluptatem pariatur sequi atque.', 0, '2018-04-11 12:32:25', '2018-04-11 12:32:25'),
	(296, 37, 'Sienna Daniel', 'Eveniet fuga rerum magnam et. Quos ut est adipisci. Repellendus placeat quod et asperiores voluptas. Ipsam autem eum sint.', 0, '2018-04-11 12:32:25', '2018-04-11 12:32:25'),
	(297, 85, 'Jeff Monahan', 'Eligendi non error debitis quia est veniam et. A quasi qui eligendi et ut saepe optio. Dolore quasi ea sed rerum odio expedita architecto repellendus.', 2, '2018-04-11 12:32:25', '2018-04-11 12:32:25'),
	(298, 74, 'Rosalee Rau', 'Aspernatur sapiente repellendus voluptatibus rerum eius. Dolor at eos voluptas amet corrupti qui. Provident et consequatur libero cum repellat mollitia commodi. Ipsam veritatis aut voluptas.', 1, '2018-04-11 12:32:25', '2018-04-11 12:32:25'),
	(299, 22, 'Kelvin Thiel', 'Commodi est veritatis magni. Laborum ab velit in ut accusamus unde. Aliquid omnis sint quaerat eveniet illo et. Modi veritatis et ut.', 1, '2018-04-11 12:32:25', '2018-04-11 12:32:25'),
	(300, 17, 'Prof. Laila Schamberger MD', 'Iure ut eos ea blanditiis non aut. Est eius velit harum aut porro qui. Sint aliquam a minima minima consequuntur et dolore praesentium.', 5, '2018-04-11 12:32:25', '2018-04-11 12:32:25');
/*!40000 ALTER TABLE `reviews` ENABLE KEYS */;

-- Export de la structure de la table commerceapi. users
CREATE TABLE IF NOT EXISTS `users` (
  `id` int(10) unsigned NOT NULL AUTO_INCREMENT,
  `name` varchar(255) COLLATE utf8mb4_unicode_ci NOT NULL,
  `email` varchar(255) COLLATE utf8mb4_unicode_ci NOT NULL,
  `password` varchar(255) COLLATE utf8mb4_unicode_ci NOT NULL,
  `remember_token` varchar(100) COLLATE utf8mb4_unicode_ci DEFAULT NULL,
  `created_at` timestamp NULL DEFAULT NULL,
  `updated_at` timestamp NULL DEFAULT NULL,
  PRIMARY KEY (`id`),
  UNIQUE KEY `users_email_unique` (`email`)
) ENGINE=InnoDB DEFAULT CHARSET=utf8mb4 COLLATE=utf8mb4_unicode_ci;

-- Export de données de la table commerceapi.users : ~0 rows (environ)
/*!40000 ALTER TABLE `users` DISABLE KEYS */;
/*!40000 ALTER TABLE `users` ENABLE KEYS */;

/*!40101 SET SQL_MODE=IFNULL(@OLD_SQL_MODE, '') */;
/*!40014 SET FOREIGN_KEY_CHECKS=IF(@OLD_FOREIGN_KEY_CHECKS IS NULL, 1, @OLD_FOREIGN_KEY_CHECKS) */;
/*!40101 SET CHARACTER_SET_CLIENT=@OLD_CHARACTER_SET_CLIENT */;
